MONTH_DATE,MRR_YEAR,MRR_MONTH_NUM,PLAN,MRR_MOVEMENT_TYPE,USERS,TOTAL_MRR,NET_MRR_CHANGE
2023-01-01,2023,1,enterprise,new,136,40664,40664
2023-01-01,2023,1,free,new_free,1263,0,0
2023-01-01,2023,1,pro,new,599,29351,29351
2023-02-01,2023,2,enterprise,new,27,8073,8073
2023-02-01,2023,2,enterprise,retained,134,40066,0
2023-02-01,2023,2,free,new_free,316,0,0
2023-02-01,2023,2,free,retained,1204,0,0
2023-02-01,2023,2,pro,new,116,5684,5684
2023-02-01,2023,2,pro,retained,592,29008,0
2023-03-01,2023,3,enterprise,new,36,10764,10764
2023-03-01,2023,3,enterprise,retained,27,8073,0
2023-03-01,2023,3,enterprise,retained,132,39468,0
2023-03-01,2023,3,free,new_free,359,0,0
2023-03-01,2023,3,free,retained,1065,0,0
2023-03-01,2023,3,free,retained,311,0,0
2023-03-01,2023,3,pro,new,165,8085,8085
2023-03-01,2023,3,pro,retained,116,5684,0
2023-03-01,2023,3,pro,retained,579,28371,0
2023-04-01,2023,4,enterprise,new,46,13754,13754
2023-04-01,2023,4,enterprise,retained,36,10764,0
2023-04-01,2023,4,enterprise,retained,25,7475,0
2023-04-01,2023,4,enterprise,retained,131,39169,0
2023-04-01,2023,4,free,new_free,413,0,0
2023-04-01,2023,4,free,retained,350,0,0
2023-04-01,2023,4,free,retained,952,0,0
2023-04-01,2023,4,free,retained,286,0,0
2023-04-01,2023,4,pro,new,208,10192,10192
2023-04-01,2023,4,pro,retained,554,27146,0
2023-04-01,2023,4,pro,retained,112,5488,0
2023-04-01,2023,4,pro,retained,164,8036,0
2023-05-01,2023,5,enterprise,new,66,19734,19734
2023-05-01,2023,5,enterprise,retained,46,13754,0
2023-05-01,2023,5,enterprise,retained,35,10465,0
2023-05-01,2023,5,enterprise,retained,130,38870,0
2023-05-01,2023,5,enterprise,retained,25,7475,0
2023-05-01,2023,5,free,new_free,510,0,0
2023-05-01,2023,5,free,retained,405,0,0
2023-05-01,2023,5,free,retained,325,0,0
2023-05-01,2023,5,free,retained,260,0,0
2023-05-01,2023,5,free,retained,910,0,0
2023-05-01,2023,5,pro,new,232,11368,11368
2023-05-01,2023,5,pro,retained,208,10192,0
2023-05-01,2023,5,pro,retained,158,7742,0
2023-05-01,2023,5,pro,retained,104,5096,0
2023-05-01,2023,5,pro,retained,545,26705,0
2023-06-01,2023,6,enterprise,new,67,20033,20033
2023-06-01,2023,6,enterprise,retained,44,13156,0
2023-06-01,2023,6,enterprise,retained,66,19734,0
2023-06-01,2023,6,enterprise,retained,25,7475,0
2023-06-01,2023,6,enterprise,retained,129,38571,0
2023-06-01,2023,6,enterprise,retained,35,10465,0
2023-06-01,2023,6,free,new_free,617,0,0
2023-06-01,2023,6,free,retained,889,0,0
2023-06-01,2023,6,free,retained,501,0,0
2023-06-01,2023,6,free,retained,371,0,0
2023-06-01,2023,6,free,retained,297,0,0
2023-06-01,2023,6,free,retained,235,0,0
2023-06-01,2023,6,pro,new,248,12152,12152
2023-06-01,2023,6,pro,retained,231,11319,0
2023-06-01,2023,6,pro,retained,205,10045,0
2023-06-01,2023,6,pro,retained,538,26362,0
2023-06-01,2023,6,pro,retained,152,7448,0
2023-06-01,2023,6,pro,retained,102,4998,0
2023-07-01,2023,7,enterprise,new,62,18538,18538
2023-07-01,2023,7,enterprise,retained,66,19734,0
2023-07-01,2023,7,enterprise,retained,67,20033,0
2023-07-01,2023,7,enterprise,retained,35,10465,0
2023-07-01,2023,7,enterprise,retained,129,38571,0
2023-07-01,2023,7,enterprise,retained,24,7176,0
2023-07-01,2023,7,enterprise,retained,43,12857,0
2023-07-01,2023,7,free,new_free,743,0,0
2023-07-01,2023,7,free,retained,456,0,0
2023-07-01,2023,7,free,retained,275,0,0
2023-07-01,2023,7,free,retained,344,0,0
2023-07-01,2023,7,free,retained,869,0,0
2023-07-01,2023,7,free,retained,223,0,0
2023-07-01,2023,7,free,retained,606,0,0
2023-07-01,2023,7,pro,new,306,14994,14994
2023-07-01,2023,7,pro,retained,248,12152,0
2023-07-01,2023,7,pro,retained,152,7448,0
2023-07-01,2023,7,pro,retained,534,26166,0
2023-07-01,2023,7,pro,retained,217,10633,0
2023-07-01,2023,7,pro,retained,199,9751,0
2023-07-01,2023,7,pro,retained,99,4851,0
2023-08-01,2023,8,enterprise,new,80,23920,23920
2023-08-01,2023,8,enterprise,retained,67,20033,0
2023-08-01,2023,8,enterprise,retained,129,38571,0
2023-08-01,2023,8,enterprise,retained,43,12857,0
2023-08-01,2023,8,enterprise,retained,24,7176,0
2023-08-01,2023,8,enterprise,retained,61,18239,0
2023-08-01,2023,8,enterprise,retained,66,19734,0
2023-08-01,2023,8,enterprise,retained,35,10465,0
2023-08-01,2023,8,free,new_free,884,0,0
2023-08-01,2023,8,free,retained,215,0,0
2023-08-01,2023,8,free,retained,543,0,0
2023-08-01,2023,8,free,retained,313,0,0
2023-08-01,2023,8,free,retained,721,0,0
2023-08-01,2023,8,free,retained,402,0,0
2023-08-01,2023,8,free,retained,856,0,0
2023-08-01,2023,8,free,retained,265,0,0
2023-08-01,2023,8,pro,new,385,18865,18865
2023-08-01,2023,8,pro,retained,298,14602,0
2023-08-01,2023,8,pro,retained,150,7350,0
2023-08-01,2023,8,pro,retained,97,4753,0
2023-08-01,2023,8,pro,retained,211,10339,0
2023-08-01,2023,8,pro,retained,236,11564,0
2023-08-01,2023,8,pro,retained,532,26068,0
2023-08-01,2023,8,pro,retained,193,9457,0
2023-09-01,2023,9,enterprise,new,115,34385,34385
2023-09-01,2023,9,enterprise,retained,66,19734,0
2023-09-01,2023,9,enterprise,retained,35,10465,0
2023-09-01,2023,9,enterprise,retained,24,7176,0
2023-09-01,2023,9,enterprise,retained,80,23920,0
2023-09-01,2023,9,enterprise,retained,59,17641,0
2023-09-01,2023,9,enterprise,retained,66,19734,0
2023-09-01,2023,9,enterprise,retained,129,38571,0
2023-09-01,2023,9,enterprise,retained,43,12857,0
2023-09-01,2023,9,free,new_free,985,0,0
2023-09-01,2023,9,free,retained,212,0,0
2023-09-01,2023,9,free,retained,871,0,0
2023-09-01,2023,9,free,retained,309,0,0
2023-09-01,2023,9,free,retained,642,0,0
2023-09-01,2023,9,free,retained,365,0,0
2023-09-01,2023,9,free,retained,465,0,0
2023-09-01,2023,9,free,retained,839,0,0
2023-09-01,2023,9,free,retained,259,0,0
2023-09-01,2023,9,pro,new,394,19306,19306
2023-09-01,2023,9,pro,retained,209,10241,0
2023-09-01,2023,9,pro,retained,228,11172,0
2023-09-01,2023,9,pro,retained,289,14161,0
2023-09-01,2023,9,pro,retained,530,25970,0
2023-09-01,2023,9,pro,retained,150,7350,0
2023-09-01,2023,9,pro,retained,383,18767,0
2023-09-01,2023,9,pro,retained,97,4753,0
2023-09-01,2023,9,pro,retained,188,9212,0
2023-10-01,2023,10,enterprise,new,110,32890,32890
2023-10-01,2023,10,enterprise,retained,35,10465,0
2023-10-01,2023,10,enterprise,retained,64,19136,0
2023-10-01,2023,10,enterprise,retained,23,6877,0
2023-10-01,2023,10,enterprise,retained,129,38571,0
2023-10-01,2023,10,enterprise,retained,114,34086,0
2023-10-01,2023,10,enterprise,retained,78,23322,0
2023-10-01,2023,10,enterprise,retained,59,17641,0
2023-10-01,2023,10,enterprise,retained,43,12857,0
2023-10-01,2023,10,enterprise,retained,66,19734,0
2023-10-01,2023,10,free,new_free,1084,0,0
2023-10-01,2023,10,free,retained,358,0,0
2023-10-01,2023,10,free,retained,209,0,0
2023-10-01,2023,10,free,retained,302,0,0
2023-10-01,2023,10,free,retained,257,0,0
2023-10-01,2023,10,free,retained,826,0,0
2023-10-01,2023,10,free,retained,809,0,0
2023-10-01,2023,10,free,retained,968,0,0
2023-10-01,2023,10,free,retained,422,0,0
2023-10-01,2023,10,free,retained,574,0,0
2023-10-01,2023,10,pro,new,437,21413,21413
2023-10-01,2023,10,pro,retained,186,9114,0
2023-10-01,2023,10,pro,retained,148,7252,0
2023-10-01,2023,10,pro,retained,207,10143,0
2023-10-01,2023,10,pro,retained,279,13671,0
2023-10-01,2023,10,pro,retained,376,18424,0
2023-10-01,2023,10,pro,retained,221,10829,0
2023-10-01,2023,10,pro,retained,527,25823,0
2023-10-01,2023,10,pro,retained,97,4753,0
2023-10-01,2023,10,pro,retained,389,19061,0
2023-11-01,2023,11,enterprise,new,128,38272,38272
2023-11-01,2023,11,enterprise,retained,43,12857,0
2023-11-01,2023,11,enterprise,retained,111,33189,0
2023-11-01,2023,11,enterprise,retained,78,23322,0
2023-11-01,2023,11,enterprise,retained,64,19136,0
2023-11-01,2023,11,enterprise,retained,110,32890,0
2023-11-01,2023,11,enterprise,retained,58,17342,0
2023-11-01,2023,11,enterprise,retained,23,6877,0
2023-11-01,2023,11,enterprise,retained,129,38571,0
2023-11-01,2023,11,enterprise,retained,66,19734,0
2023-11-01,2023,11,enterprise,retained,34,10166,0
2023-11-01,2023,11,free,new_free,1145,0,0
2023-11-01,2023,11,free,retained,410,0,0
2023-11-01,2023,11,free,retained,297,0,0
2023-11-01,2023,11,free,retained,816,0,0
2023-11-01,2023,11,free,retained,206,0,0
2023-11-01,2023,11,free,retained,533,0,0
2023-11-01,2023,11,free,retained,881,0,0
2023-11-01,2023,11,free,retained,349,0,0
2023-11-01,2023,11,free,retained,1060,0,0
2023-11-01,2023,11,free,retained,255,0,0
2023-11-01,2023,11,free,retained,718,0,0
2023-11-01,2023,11,pro,new,498,24402,24402
2023-11-01,2023,11,pro,retained,185,9065,0
2023-11-01,2023,11,pro,retained,205,10045,0
2023-11-01,2023,11,pro,retained,221,10829,0
2023-11-01,2023,11,pro,retained,377,18473,0
2023-11-01,2023,11,pro,retained,97,4753,0
2023-11-01,2023,11,pro,retained,271,13279,0
2023-11-01,2023,11,pro,retained,435,21315,0
2023-11-01,2023,11,pro,retained,148,7252,0
2023-11-01,2023,11,pro,retained,362,17738,0
2023-11-01,2023,11,pro,retained,524,25676,0
2023-12-01,2023,12,enterprise,new,127,37973,37973
2023-12-01,2023,12,enterprise,retained,64,19136,0
2023-12-01,2023,12,enterprise,retained,77,23023,0
2023-12-01,2023,12,enterprise,retained,129,38571,0
2023-12-01,2023,12,enterprise,retained,58,17342,0
2023-12-01,2023,12,enterprise,retained,106,31694,0
2023-12-01,2023,12,enterprise,retained,34,10166,0
2023-12-01,2023,12,enterprise,retained,128,38272,0
2023-12-01,2023,12,enterprise,retained,110,32890,0
2023-12-01,2023,12,enterprise,retained,43,12857,0
2023-12-01,2023,12,enterprise,retained,66,19734,0
2023-12-01,2023,12,enterprise,retained,23,6877,0
2023-12-01,2023,12,free,new_free,1297,0,0
2023-12-01,2023,12,free,retained,400,0,0
2023-12-01,2023,12,free,retained,204,0,0
2023-12-01,2023,12,free,retained,292,0,0
2023-12-01,2023,12,free,retained,799,0,0
2023-12-01,2023,12,free,retained,246,0,0
2023-12-01,2023,12,free,retained,509,0,0
2023-12-01,2023,12,free,retained,961,0,0
2023-12-01,2023,12,free,retained,660,0,0
2023-12-01,2023,12,free,retained,345,0,0
2023-12-01,2023,12,free,retained,1123,0,0
2023-12-01,2023,12,free,retained,806,0,0
2023-12-01,2023,12,pro,new,582,28518,28518
2023-12-01,2023,12,pro,retained,494,24206,0
2023-12-01,2023,12,pro,retained,216,10584,0
2023-12-01,2023,12,pro,retained,184,9016,0
2023-12-01,2023,12,pro,retained,203,9947,0
2023-12-01,2023,12,pro,retained,358,17542,0
2023-12-01,2023,12,pro,retained,417,20433,0
2023-12-01,2023,12,pro,retained,148,7252,0
2023-12-01,2023,12,pro,retained,369,18081,0
2023-12-01,2023,12,pro,retained,97,4753,0
2023-12-01,2023,12,pro,retained,521,25529,0
2023-12-01,2023,12,pro,retained,268,13132,0
2024-01-01,2024,1,enterprise,new,164,49036,49036
2024-01-01,2024,1,enterprise,retained,106,31694,0
2024-01-01,2024,1,enterprise,retained,126,37674,0
2024-01-01,2024,1,enterprise,retained,66,19734,0
2024-01-01,2024,1,enterprise,retained,127,37973,0
2024-01-01,2024,1,enterprise,retained,110,32890,0
2024-01-01,2024,1,enterprise,retained,22,6578,0
2024-01-01,2024,1,enterprise,retained,77,23023,0
2024-01-01,2024,1,enterprise,retained,64,19136,0
2024-01-01,2024,1,enterprise,retained,58,17342,0
2024-01-01,2024,1,enterprise,retained,34,10166,0
2024-01-01,2024,1,enterprise,retained,42,12558,0
2024-01-01,2024,1,enterprise,retained,128,38272,0
2024-01-01,2024,1,free,new_free,1405,0,0
2024-01-01,2024,1,free,retained,203,0,0
2024-01-01,2024,1,free,retained,640,0,0
2024-01-01,2024,1,free,retained,1002,0,0
2024-01-01,2024,1,free,retained,736,0,0
2024-01-01,2024,1,free,retained,241,0,0
2024-01-01,2024,1,free,retained,850,0,0
2024-01-01,2024,1,free,retained,802,0,0
2024-01-01,2024,1,free,retained,387,0,0
2024-01-01,2024,1,free,retained,492,0,0
2024-01-01,2024,1,free,retained,1269,0,0
2024-01-01,2024,1,free,retained,341,0,0
2024-01-01,2024,1,free,retained,286,0,0
2024-01-01,2024,1,pro,new,557,27293,27293
2024-01-01,2024,1,pro,retained,184,9016,0
2024-01-01,2024,1,pro,retained,202,9898,0
2024-01-01,2024,1,pro,retained,215,10535,0
2024-01-01,2024,1,pro,retained,581,28469,0
2024-01-01,2024,1,pro,retained,148,7252,0
2024-01-01,2024,1,pro,retained,480,23520,0
2024-01-01,2024,1,pro,retained,520,25480,0
2024-01-01,2024,1,pro,retained,96,4704,0
2024-01-01,2024,1,pro,retained,357,17493,0
2024-01-01,2024,1,pro,retained,366,17934,0
2024-01-01,2024,1,pro,retained,404,19796,0
2024-01-01,2024,1,pro,retained,263,12887,0
2024-02-01,2024,2,enterprise,new,130,38870,38870
2024-02-01,2024,2,enterprise,retained,34,10166,0
2024-02-01,2024,2,enterprise,retained,42,12558,0
2024-02-01,2024,2,enterprise,retained,109,32591,0
2024-02-01,2024,2,enterprise,retained,102,30498,0
2024-02-01,2024,2,enterprise,retained,164,49036,0
2024-02-01,2024,2,enterprise,retained,125,37375,0
2024-02-01,2024,2,enterprise,retained,128,38272,0
2024-02-01,2024,2,enterprise,retained,77,23023,0
2024-02-01,2024,2,enterprise,retained,126,37674,0
2024-02-01,2024,2,enterprise,retained,66,19734,0
2024-02-01,2024,2,enterprise,retained,58,17342,0
2024-02-01,2024,2,enterprise,retained,64,19136,0
2024-02-01,2024,2,enterprise,retained,22,6578,0
2024-02-01,2024,2,free,new_free,1338,0,0
2024-02-01,2024,2,free,retained,200,0,0
2024-02-01,2024,2,free,retained,280,0,0
2024-02-01,2024,2,free,retained,486,0,0
2024-02-01,2024,2,free,retained,378,0,0
2024-02-01,2024,2,free,retained,1378,0,0
2024-02-01,2024,2,free,retained,797,0,0
2024-02-01,2024,2,free,retained,625,0,0
2024-02-01,2024,2,free,retained,711,0,0
2024-02-01,2024,2,free,retained,239,0,0
2024-02-01,2024,2,free,retained,338,0,0
2024-02-01,2024,2,free,retained,888,0,0
2024-02-01,2024,2,free,retained,786,0,0
2024-02-01,2024,2,free,retained,1143,0,0
2024-02-01,2024,2,pro,new,627,30723,30723
2024-02-01,2024,2,pro,retained,262,12838,0
2024-02-01,2024,2,pro,retained,182,8918,0
2024-02-01,2024,2,pro,retained,352,17248,0
2024-02-01,2024,2,pro,retained,562,27538,0
2024-02-01,2024,2,pro,retained,395,19355,0
2024-02-01,2024,2,pro,retained,454,22246,0
2024-02-01,2024,2,pro,retained,517,25333,0
2024-02-01,2024,2,pro,retained,214,10486,0
2024-02-01,2024,2,pro,retained,202,9898,0
2024-02-01,2024,2,pro,retained,96,4704,0
2024-02-01,2024,2,pro,retained,147,7203,0
2024-02-01,2024,2,pro,retained,364,17836,0
2024-02-01,2024,2,pro,retained,554,27146,0
2024-03-01,2024,3,enterprise,new,171,51129,51129
2024-03-01,2024,3,enterprise,retained,128,38272,0
2024-03-01,2024,3,enterprise,retained,34,10166,0
2024-03-01,2024,3,enterprise,retained,66,19734,0
2024-03-01,2024,3,enterprise,retained,125,37375,0
2024-03-01,2024,3,enterprise,retained,42,12558,0
2024-03-01,2024,3,enterprise,retained,77,23023,0
2024-03-01,2024,3,enterprise,retained,58,17342,0
2024-03-01,2024,3,enterprise,retained,102,30498,0
2024-03-01,2024,3,enterprise,retained,163,48737,0
2024-03-01,2024,3,enterprise,retained,109,32591,0
2024-03-01,2024,3,enterprise,retained,22,6578,0
2024-03-01,2024,3,enterprise,retained,64,19136,0
2024-03-01,2024,3,enterprise,retained,125,37375,0
2024-03-01,2024,3,enterprise,retained,130,38870,0
2024-03-01,2024,3,free,new_free,1433,0,0
2024-03-01,2024,3,free,retained,335,0,0
2024-03-01,2024,3,free,retained,1034,0,0
2024-03-01,2024,3,free,retained,480,0,0
2024-03-01,2024,3,free,retained,614,0,0
2024-03-01,2024,3,free,retained,279,0,0
2024-03-01,2024,3,free,retained,1313,0,0
2024-03-01,2024,3,free,retained,1236,0,0
2024-03-01,2024,3,free,retained,237,0,0
2024-03-01,2024,3,free,retained,698,0,0
2024-03-01,2024,3,free,retained,793,0,0
2024-03-01,2024,3,free,retained,761,0,0
2024-03-01,2024,3,free,retained,830,0,0
2024-03-01,2024,3,free,retained,372,0,0
2024-03-01,2024,3,free,retained,198,0,0
2024-03-01,2024,3,pro,new,680,33320,33320
2024-03-01,2024,3,pro,retained,202,9898,0
2024-03-01,2024,3,pro,retained,623,30527,0
2024-03-01,2024,3,pro,retained,391,19159,0
2024-03-01,2024,3,pro,retained,364,17836,0
2024-03-01,2024,3,pro,retained,182,8918,0
2024-03-01,2024,3,pro,retained,547,26803,0
2024-03-01,2024,3,pro,retained,213,10437,0
2024-03-01,2024,3,pro,retained,516,25284,0
2024-03-01,2024,3,pro,retained,261,12789,0
2024-03-01,2024,3,pro,retained,440,21560,0
2024-03-01,2024,3,pro,retained,147,7203,0
2024-03-01,2024,3,pro,retained,96,4704,0
2024-03-01,2024,3,pro,retained,351,17199,0
2024-03-01,2024,3,pro,retained,537,26313,0
2024-04-01,2024,4,enterprise,new,142,42458,42458
2024-04-01,2024,4,enterprise,retained,129,38571,0
2024-04-01,2024,4,enterprise,retained,66,19734,0
2024-04-01,2024,4,enterprise,retained,58,17342,0
2024-04-01,2024,4,enterprise,retained,171,51129,0
2024-04-01,2024,4,enterprise,retained,123,36777,0
2024-04-01,2024,4,enterprise,retained,34,10166,0
2024-04-01,2024,4,enterprise,retained,64,19136,0
2024-04-01,2024,4,enterprise,retained,128,38272,0
2024-04-01,2024,4,enterprise,retained,42,12558,0
2024-04-01,2024,4,enterprise,retained,22,6578,0
2024-04-01,2024,4,enterprise,retained,77,23023,0
2024-04-01,2024,4,enterprise,retained,102,30498,0
2024-04-01,2024,4,enterprise,retained,108,32292,0
2024-04-01,2024,4,enterprise,retained,124,37076,0
2024-04-01,2024,4,enterprise,retained,162,48438,0
2024-04-01,2024,4,free,new_free,1383,0,0
2024-04-01,2024,4,free,retained,477,0,0
2024-04-01,2024,4,free,retained,747,0,0
2024-04-01,2024,4,free,retained,198,0,0
2024-04-01,2024,4,free,retained,235,0,0
2024-04-01,2024,4,free,retained,791,0,0
2024-04-01,2024,4,free,retained,1120,0,0
2024-04-01,2024,4,free,retained,333,0,0
2024-04-01,2024,4,free,retained,966,0,0
2024-04-01,2024,4,free,retained,276,0,0
2024-04-01,2024,4,free,retained,689,0,0
2024-04-01,2024,4,free,retained,1408,0,0
2024-04-01,2024,4,free,retained,813,0,0
2024-04-01,2024,4,free,retained,369,0,0
2024-04-01,2024,4,free,retained,1202,0,0
2024-04-01,2024,4,free,retained,601,0,0
2024-04-01,2024,4,pro,new,632,30968,30968
2024-04-01,2024,4,pro,retained,430,21070,0
2024-04-01,2024,4,pro,retained,147,7203,0
2024-04-01,2024,4,pro,retained,364,17836,0
2024-04-01,2024,4,pro,retained,182,8918,0
2024-04-01,2024,4,pro,retained,259,12691,0
2024-04-01,2024,4,pro,retained,347,17003,0
2024-04-01,2024,4,pro,retained,212,10388,0
2024-04-01,2024,4,pro,retained,201,9849,0
2024-04-01,2024,4,pro,retained,514,25186,0
2024-04-01,2024,4,pro,retained,391,19159,0
2024-04-01,2024,4,pro,retained,526,25774,0
2024-04-01,2024,4,pro,retained,524,25676,0
2024-04-01,2024,4,pro,retained,677,33173,0
2024-04-01,2024,4,pro,retained,597,29253,0
2024-04-01,2024,4,pro,retained,96,4704,0
2024-05-01,2024,5,enterprise,new,128,38272,38272
2024-05-01,2024,5,enterprise,retained,124,37076,0
2024-05-01,2024,5,enterprise,retained,64,19136,0
2024-05-01,2024,5,enterprise,retained,128,38272,0
2024-05-01,2024,5,enterprise,retained,167,49933,0
2024-05-01,2024,5,enterprise,retained,66,19734,0
2024-05-01,2024,5,enterprise,retained,123,36777,0
2024-05-01,2024,5,enterprise,retained,77,23023,0
2024-05-01,2024,5,enterprise,retained,126,37674,0
2024-05-01,2024,5,enterprise,retained,162,48438,0
2024-05-01,2024,5,enterprise,retained,108,32292,0
2024-05-01,2024,5,enterprise,retained,34,10166,0
2024-05-01,2024,5,enterprise,retained,22,6578,0
2024-05-01,2024,5,enterprise,retained,142,42458,0
2024-05-01,2024,5,enterprise,retained,58,17342,0
2024-05-01,2024,5,enterprise,retained,102,30498,0
2024-05-01,2024,5,enterprise,retained,40,11960,0
2024-05-01,2024,5,free,new_free,1454,0,0
2024-05-01,2024,5,free,retained,1061,0,0
2024-05-01,2024,5,free,retained,587,0,0
2024-05-01,2024,5,free,retained,790,0,0
2024-05-01,2024,5,free,retained,942,0,0
2024-05-01,2024,5,free,retained,729,0,0
2024-05-01,2024,5,free,retained,1359,0,0
2024-05-01,2024,5,free,retained,195,0,0
2024-05-01,2024,5,free,retained,475,0,0
2024-05-01,2024,5,free,retained,331,0,0
2024-05-01,2024,5,free,retained,1282,0,0
2024-05-01,2024,5,free,retained,273,0,0
2024-05-01,2024,5,free,retained,1031,0,0
2024-05-01,2024,5,free,retained,233,0,0
2024-05-01,2024,5,free,retained,677,0,0
2024-05-01,2024,5,free,retained,365,0,0
2024-05-01,2024,5,free,retained,798,0,0
2024-05-01,2024,5,pro,new,609,29841,29841
2024-05-01,2024,5,pro,retained,520,25480,0
2024-05-01,2024,5,pro,retained,346,16954,0
2024-05-01,2024,5,pro,retained,514,25186,0
2024-05-01,2024,5,pro,retained,631,30919,0
2024-05-01,2024,5,pro,retained,201,9849,0
2024-05-01,2024,5,pro,retained,147,7203,0
2024-05-01,2024,5,pro,retained,510,24990,0
2024-05-01,2024,5,pro,retained,426,20874,0
2024-05-01,2024,5,pro,retained,364,17836,0
2024-05-01,2024,5,pro,retained,569,27881,0
2024-05-01,2024,5,pro,retained,388,19012,0
2024-05-01,2024,5,pro,retained,182,8918,0
2024-05-01,2024,5,pro,retained,259,12691,0
2024-05-01,2024,5,pro,retained,656,32144,0
2024-05-01,2024,5,pro,retained,212,10388,0
2024-05-01,2024,5,pro,retained,96,4704,0
2024-06-01,2024,6,enterprise,new,141,42159,42159
2024-06-01,2024,6,enterprise,retained,127,37973,0
2024-06-01,2024,6,enterprise,retained,123,36777,0
2024-06-01,2024,6,enterprise,retained,40,11960,0
2024-06-01,2024,6,enterprise,retained,162,48438,0
2024-06-01,2024,6,enterprise,retained,77,23023,0
2024-06-01,2024,6,enterprise,retained,58,17342,0
2024-06-01,2024,6,enterprise,retained,165,49335,0
2024-06-01,2024,6,enterprise,retained,102,30498,0
2024-06-01,2024,6,enterprise,retained,22,6578,0
2024-06-01,2024,6,enterprise,retained,108,32292,0
2024-06-01,2024,6,enterprise,retained,138,41262,0
2024-06-01,2024,6,enterprise,retained,124,37076,0
2024-06-01,2024,6,enterprise,retained,34,10166,0
2024-06-01,2024,6,enterprise,retained,128,38272,0
2024-06-01,2024,6,enterprise,retained,66,19734,0
2024-06-01,2024,6,enterprise,retained,125,37375,0
2024-06-01,2024,6,enterprise,retained,64,19136,0
2024-06-01,2024,6,free,new_free,1268,0,0
2024-06-01,2024,6,free,retained,715,0,0
2024-06-01,2024,6,free,retained,924,0,0
2024-06-01,2024,6,free,retained,271,0,0
2024-06-01,2024,6,free,retained,1010,0,0
2024-06-01,2024,6,free,retained,1148,0,0
2024-06-01,2024,6,free,retained,195,0,0
2024-06-01,2024,6,free,retained,667,0,0
2024-06-01,2024,6,free,retained,786,0,0
2024-06-01,2024,6,free,retained,1420,0,0
2024-06-01,2024,6,free,retained,329,0,0
2024-06-01,2024,6,free,retained,781,0,0
2024-06-01,2024,6,free,retained,578,0,0
2024-06-01,2024,6,free,retained,231,0,0
2024-06-01,2024,6,free,retained,975,0,0
2024-06-01,2024,6,free,retained,1224,0,0
2024-06-01,2024,6,free,retained,468,0,0
2024-06-01,2024,6,free,retained,360,0,0
2024-06-01,2024,6,pro,new,568,27832,27832
2024-06-01,2024,6,pro,retained,96,4704,0
2024-06-01,2024,6,pro,retained,258,12642,0
2024-06-01,2024,6,pro,retained,200,9800,0
2024-06-01,2024,6,pro,retained,614,30086,0
2024-06-01,2024,6,pro,retained,181,8869,0
2024-06-01,2024,6,pro,retained,423,20727,0
2024-06-01,2024,6,pro,retained,212,10388,0
2024-06-01,2024,6,pro,retained,601,29449,0
2024-06-01,2024,6,pro,retained,506,24794,0
2024-06-01,2024,6,pro,retained,519,25431,0
2024-06-01,2024,6,pro,retained,344,16856,0
2024-06-01,2024,6,pro,retained,384,18816,0
2024-06-01,2024,6,pro,retained,363,17787,0
2024-06-01,2024,6,pro,retained,629,30821,0
2024-06-01,2024,6,pro,retained,550,26950,0
2024-06-01,2024,6,pro,retained,513,25137,0
2024-06-01,2024,6,pro,retained,147,7203,0
2024-07-01,2024,7,enterprise,new,126,37674,37674
2024-07-01,2024,7,enterprise,retained,108,32292,0
2024-07-01,2024,7,enterprise,retained,128,38272,0
2024-07-01,2024,7,enterprise,retained,77,23023,0
2024-07-01,2024,7,enterprise,retained,125,37375,0
2024-07-01,2024,7,enterprise,retained,64,19136,0
2024-07-01,2024,7,enterprise,retained,102,30498,0
2024-07-01,2024,7,enterprise,retained,164,49036,0
2024-07-01,2024,7,enterprise,retained,141,42159,0
2024-07-01,2024,7,enterprise,retained,66,19734,0
2024-07-01,2024,7,enterprise,retained,138,41262,0
2024-07-01,2024,7,enterprise,retained,34,10166,0
2024-07-01,2024,7,enterprise,retained,58,17342,0
2024-07-01,2024,7,enterprise,retained,40,11960,0
2024-07-01,2024,7,enterprise,retained,162,48438,0
2024-07-01,2024,7,enterprise,retained,22,6578,0
2024-07-01,2024,7,enterprise,retained,124,37076,0
2024-07-01,2024,7,enterprise,retained,123,36777,0
2024-07-01,2024,7,enterprise,retained,126,37674,0
2024-07-01,2024,7,free,new_free,1178,0,0
2024-07-01,2024,7,free,retained,1063,0,0
2024-07-01,2024,7,free,retained,1249,0,0
2024-07-01,2024,7,free,retained,905,0,0
2024-07-01,2024,7,free,retained,356,0,0
2024-07-01,2024,7,free,retained,785,0,0
2024-07-01,2024,7,free,retained,986,0,0
2024-07-01,2024,7,free,retained,942,0,0
2024-07-01,2024,7,free,retained,705,0,0
2024-07-01,2024,7,free,retained,570,0,0
2024-07-01,2024,7,free,retained,1107,0,0
2024-07-01,2024,7,free,retained,194,0,0
2024-07-01,2024,7,free,retained,328,0,0
2024-07-01,2024,7,free,retained,229,0,0
2024-07-01,2024,7,free,retained,1247,0,0
2024-07-01,2024,7,free,retained,655,0,0
2024-07-01,2024,7,free,retained,465,0,0
2024-07-01,2024,7,free,retained,762,0,0
2024-07-01,2024,7,free,retained,268,0,0
2024-07-01,2024,7,pro,new,526,25774,25774
2024-07-01,2024,7,pro,retained,360,17640,0
2024-07-01,2024,7,pro,retained,513,25137,0
2024-07-01,2024,7,pro,retained,343,16807,0
2024-07-01,2024,7,pro,retained,211,10339,0
2024-07-01,2024,7,pro,retained,612,29988,0
2024-07-01,2024,7,pro,retained,584,28616,0
2024-07-01,2024,7,pro,retained,567,27783,0
2024-07-01,2024,7,pro,retained,517,25333,0
2024-07-01,2024,7,pro,retained,181,8869,0
2024-07-01,2024,7,pro,retained,256,12544,0
2024-07-01,2024,7,pro,retained,96,4704,0
2024-07-01,2024,7,pro,retained,423,20727,0
2024-07-01,2024,7,pro,retained,547,26803,0
2024-07-01,2024,7,pro,retained,200,9800,0
2024-07-01,2024,7,pro,retained,382,18718,0
2024-07-01,2024,7,pro,retained,504,24696,0
2024-07-01,2024,7,pro,retained,147,7203,0
2024-07-01,2024,7,pro,retained,594,29106,0
2024-08-01,2024,8,enterprise,new,98,29302,29302
2024-08-01,2024,8,enterprise,retained,162,48438,0
2024-08-01,2024,8,enterprise,retained,137,40963,0
2024-08-01,2024,8,enterprise,retained,64,19136,0
2024-08-01,2024,8,enterprise,retained,163,48737,0
2024-08-01,2024,8,enterprise,retained,58,17342,0
2024-08-01,2024,8,enterprise,retained,141,42159,0
2024-08-01,2024,8,enterprise,retained,107,31993,0
2024-08-01,2024,8,enterprise,retained,125,37375,0
2024-08-01,2024,8,enterprise,retained,128,38272,0
2024-08-01,2024,8,enterprise,retained,124,37076,0
2024-08-01,2024,8,enterprise,retained,40,11960,0
2024-08-01,2024,8,enterprise,retained,102,30498,0
2024-08-01,2024,8,enterprise,retained,22,6578,0
2024-08-01,2024,8,enterprise,retained,126,37674,0
2024-08-01,2024,8,enterprise,retained,123,36777,0
2024-08-01,2024,8,enterprise,retained,124,37076,0
2024-08-01,2024,8,enterprise,retained,77,23023,0
2024-08-01,2024,8,enterprise,retained,66,19734,0
2024-08-01,2024,8,enterprise,retained,33,9867,0
2024-08-01,2024,8,free,new_free,1053,0,0
2024-08-01,2024,8,free,retained,643,0,0
2024-08-01,2024,8,free,retained,265,0,0
2024-08-01,2024,8,free,retained,462,0,0
2024-08-01,2024,8,free,retained,753,0,0
2024-08-01,2024,8,free,retained,964,0,0
2024-08-01,2024,8,free,retained,1019,0,0
2024-08-01,2024,8,free,retained,1035,0,0
2024-08-01,2024,8,free,retained,1155,0,0
2024-08-01,2024,8,free,retained,356,0,0
2024-08-01,2024,8,free,retained,327,0,0
2024-08-01,2024,8,free,retained,194,0,0
2024-08-01,2024,8,free,retained,918,0,0
2024-08-01,2024,8,free,retained,891,0,0
2024-08-01,2024,8,free,retained,1115,0,0
2024-08-01,2024,8,free,retained,565,0,0
2024-08-01,2024,8,free,retained,227,0,0
2024-08-01,2024,8,free,retained,1110,0,0
2024-08-01,2024,8,free,retained,783,0,0
2024-08-01,2024,8,free,retained,699,0,0
2024-08-01,2024,8,pro,new,411,20139,20139
2024-08-01,2024,8,pro,retained,501,24549,0
2024-08-01,2024,8,pro,retained,96,4704,0
2024-08-01,2024,8,pro,retained,541,26509,0
2024-08-01,2024,8,pro,retained,582,28518,0
2024-08-01,2024,8,pro,retained,513,25137,0
2024-08-01,2024,8,pro,retained,181,8869,0
2024-08-01,2024,8,pro,retained,200,9800,0
2024-08-01,2024,8,pro,retained,147,7203,0
2024-08-01,2024,8,pro,retained,211,10339,0
2024-08-01,2024,8,pro,retained,421,20629,0
2024-08-01,2024,8,pro,retained,543,26607,0
2024-08-01,2024,8,pro,retained,513,25137,0
2024-08-01,2024,8,pro,retained,360,17640,0
2024-08-01,2024,8,pro,retained,523,25627,0
2024-08-01,2024,8,pro,retained,343,16807,0
2024-08-01,2024,8,pro,retained,253,12397,0
2024-08-01,2024,8,pro,retained,607,29743,0
2024-08-01,2024,8,pro,retained,567,27783,0
2024-08-01,2024,8,pro,retained,381,18669,0
2024-09-01,2024,9,enterprise,new,118,35282,35282
2024-09-01,2024,9,enterprise,retained,40,11960,0
2024-09-01,2024,9,enterprise,retained,135,40365,0
2024-09-01,2024,9,enterprise,retained,107,31993,0
2024-09-01,2024,9,enterprise,retained,22,6578,0
2024-09-01,2024,9,enterprise,retained,76,22724,0
2024-09-01,2024,9,enterprise,retained,128,38272,0
2024-09-01,2024,9,enterprise,retained,161,48139,0
2024-09-01,2024,9,enterprise,retained,125,37375,0
2024-09-01,2024,9,enterprise,retained,66,19734,0
2024-09-01,2024,9,enterprise,retained,102,30498,0
2024-09-01,2024,9,enterprise,retained,125,37375,0
2024-09-01,2024,9,enterprise,retained,64,19136,0
2024-09-01,2024,9,enterprise,retained,122,36478,0
2024-09-01,2024,9,enterprise,retained,33,9867,0
2024-09-01,2024,9,enterprise,retained,137,40963,0
2024-09-01,2024,9,enterprise,retained,161,48139,0
2024-09-01,2024,9,enterprise,retained,58,17342,0
2024-09-01,2024,9,enterprise,retained,98,29302,0
2024-09-01,2024,9,enterprise,retained,124,37076,0
2024-09-01,2024,9,enterprise,retained,123,36777,0
2024-09-01,2024,9,free,new_free,937,0,0
2024-09-01,2024,9,free,retained,877,0,0
2024-09-01,2024,9,free,retained,1030,0,0
2024-09-01,2024,9,free,retained,1005,0,0
2024-09-01,2024,9,free,retained,561,0,0
2024-09-01,2024,9,free,retained,990,0,0
2024-09-01,2024,9,free,retained,265,0,0
2024-09-01,2024,9,free,retained,224,0,0
2024-09-01,2024,9,free,retained,355,0,0
2024-09-01,2024,9,free,retained,691,0,0
2024-09-01,2024,9,free,retained,1037,0,0
2024-09-01,2024,9,free,retained,950,0,0
2024-09-01,2024,9,free,retained,748,0,0
2024-09-01,2024,9,free,retained,460,0,0
2024-09-01,2024,9,free,retained,326,0,0
2024-09-01,2024,9,free,retained,1020,0,0
2024-09-01,2024,9,free,retained,1018,0,0
2024-09-01,2024,9,free,retained,194,0,0
2024-09-01,2024,9,free,retained,783,0,0
2024-09-01,2024,9,free,retained,902,0,0
2024-09-01,2024,9,free,retained,640,0,0
2024-09-01,2024,9,pro,new,407,19943,19943
2024-09-01,2024,9,pro,retained,359,17591,0
2024-09-01,2024,9,pro,retained,601,29449,0
2024-09-01,2024,9,pro,retained,499,24451,0
2024-09-01,2024,9,pro,retained,181,8869,0
2024-09-01,2024,9,pro,retained,541,26509,0
2024-09-01,2024,9,pro,retained,381,18669,0
2024-09-01,2024,9,pro,retained,520,25480,0
2024-09-01,2024,9,pro,retained,407,19943,0
2024-09-01,2024,9,pro,retained,147,7203,0
2024-09-01,2024,9,pro,retained,253,12397,0
2024-09-01,2024,9,pro,retained,513,25137,0
2024-09-01,2024,9,pro,retained,96,4704,0
2024-09-01,2024,9,pro,retained,210,10290,0
2024-09-01,2024,9,pro,retained,512,25088,0
2024-09-01,2024,9,pro,retained,343,16807,0
2024-09-01,2024,9,pro,retained,420,20580,0
2024-09-01,2024,9,pro,retained,555,27195,0
2024-09-01,2024,9,pro,retained,580,28420,0
2024-09-01,2024,9,pro,retained,499,24451,0
2024-09-01,2024,9,pro,retained,200,9800,0
2024-10-01,2024,10,enterprise,new,95,28405,28405
2024-10-01,2024,10,enterprise,retained,135,40365,0
2024-10-01,2024,10,enterprise,retained,124,37076,0
2024-10-01,2024,10,enterprise,retained,76,22724,0
2024-10-01,2024,10,enterprise,retained,122,36478,0
2024-10-01,2024,10,enterprise,retained,97,29003,0
2024-10-01,2024,10,enterprise,retained,107,31993,0
2024-10-01,2024,10,enterprise,retained,33,9867,0
2024-10-01,2024,10,enterprise,retained,136,40664,0
2024-10-01,2024,10,enterprise,retained,64,19136,0
2024-10-01,2024,10,enterprise,retained,102,30498,0
2024-10-01,2024,10,enterprise,retained,58,17342,0
2024-10-01,2024,10,enterprise,retained,161,48139,0
2024-10-01,2024,10,enterprise,retained,66,19734,0
2024-10-01,2024,10,enterprise,retained,125,37375,0
2024-10-01,2024,10,enterprise,retained,124,37076,0
2024-10-01,2024,10,enterprise,retained,128,38272,0
2024-10-01,2024,10,enterprise,retained,117,34983,0
2024-10-01,2024,10,enterprise,retained,123,36777,0
2024-10-01,2024,10,enterprise,retained,160,47840,0
2024-10-01,2024,10,enterprise,retained,40,11960,0
2024-10-01,2024,10,enterprise,retained,22,6578,0
2024-10-01,2024,10,free,new_free,817,0,0
2024-10-01,2024,10,free,retained,224,0,0
2024-10-01,2024,10,free,retained,739,0,0
2024-10-01,2024,10,free,retained,458,0,0
2024-10-01,2024,10,free,retained,998,0,0
2024-10-01,2024,10,free,retained,916,0,0
2024-10-01,2024,10,free,retained,325,0,0
2024-10-01,2024,10,free,retained,933,0,0
2024-10-01,2024,10,free,retained,637,0,0
2024-10-01,2024,10,free,retained,194,0,0
2024-10-01,2024,10,free,retained,927,0,0
2024-10-01,2024,10,free,retained,861,0,0
2024-10-01,2024,10,free,retained,684,0,0
2024-10-01,2024,10,free,retained,889,0,0
2024-10-01,2024,10,free,retained,934,0,0
2024-10-01,2024,10,free,retained,940,0,0
2024-10-01,2024,10,free,retained,971,0,0
2024-10-01,2024,10,free,retained,352,0,0
2024-10-01,2024,10,free,retained,974,0,0
2024-10-01,2024,10,free,retained,557,0,0
2024-10-01,2024,10,free,retained,265,0,0
2024-10-01,2024,10,free,retained,783,0,0
2024-10-01,2024,10,pro,new,326,15974,15974
2024-10-01,2024,10,pro,retained,379,18571,0
2024-10-01,2024,10,pro,retained,477,23373,0
2024-10-01,2024,10,pro,retained,600,29400,0
2024-10-01,2024,10,pro,retained,209,10241,0
2024-10-01,2024,10,pro,retained,359,17591,0
2024-10-01,2024,10,pro,retained,200,9800,0
2024-10-01,2024,10,pro,retained,343,16807,0
2024-10-01,2024,10,pro,retained,96,4704,0
2024-10-01,2024,10,pro,retained,495,24255,0
2024-10-01,2024,10,pro,retained,406,19894,0
2024-10-01,2024,10,pro,retained,513,25137,0
2024-10-01,2024,10,pro,retained,549,26901,0
2024-10-01,2024,10,pro,retained,578,28322,0
2024-10-01,2024,10,pro,retained,391,19159,0
2024-10-01,2024,10,pro,retained,419,20531,0
2024-10-01,2024,10,pro,retained,181,8869,0
2024-10-01,2024,10,pro,retained,539,26411,0
2024-10-01,2024,10,pro,retained,508,24892,0
2024-10-01,2024,10,pro,retained,510,24990,0
2024-10-01,2024,10,pro,retained,253,12397,0
2024-10-01,2024,10,pro,retained,147,7203,0
2024-11-01,2024,11,enterprise,new,93,27807,27807
2024-11-01,2024,11,enterprise,retained,123,36777,0
2024-11-01,2024,11,enterprise,retained,124,37076,0
2024-11-01,2024,11,enterprise,retained,136,40664,0
2024-11-01,2024,11,enterprise,retained,125,37375,0
2024-11-01,2024,11,enterprise,retained,107,31993,0
2024-11-01,2024,11,enterprise,retained,128,38272,0
2024-11-01,2024,11,enterprise,retained,66,19734,0
2024-11-01,2024,11,enterprise,retained,102,30498,0
2024-11-01,2024,11,enterprise,retained,134,40066,0
2024-11-01,2024,11,enterprise,retained,40,11960,0
2024-11-01,2024,11,enterprise,retained,76,22724,0
2024-11-01,2024,11,enterprise,retained,115,34385,0
2024-11-01,2024,11,enterprise,retained,94,28106,0
2024-11-01,2024,11,enterprise,retained,95,28405,0
2024-11-01,2024,11,enterprise,retained,58,17342,0
2024-11-01,2024,11,enterprise,retained,160,47840,0
2024-11-01,2024,11,enterprise,retained,64,19136,0
2024-11-01,2024,11,enterprise,retained,122,36478,0
2024-11-01,2024,11,enterprise,retained,123,36777,0
2024-11-01,2024,11,enterprise,retained,33,9867,0
2024-11-01,2024,11,enterprise,retained,161,48139,0
2024-11-01,2024,11,enterprise,retained,22,6578,0
2024-11-01,2024,11,free,new_free,745,0,0
2024-11-01,2024,11,free,retained,783,0,0
2024-11-01,2024,11,free,retained,223,0,0
2024-11-01,2024,11,free,retained,859,0,0
2024-11-01,2024,11,free,retained,898,0,0
2024-11-01,2024,11,free,retained,807,0,0
2024-11-01,2024,11,free,retained,939,0,0
2024-11-01,2024,11,free,retained,325,0,0
2024-11-01,2024,11,free,retained,194,0,0
2024-11-01,2024,11,free,retained,955,0,0
2024-11-01,2024,11,free,retained,458,0,0
2024-11-01,2024,11,free,retained,924,0,0
2024-11-01,2024,11,free,retained,633,0,0
2024-11-01,2024,11,free,retained,349,0,0
2024-11-01,2024,11,free,retained,734,0,0
2024-11-01,2024,11,free,retained,876,0,0
2024-11-01,2024,11,free,retained,986,0,0
2024-11-01,2024,11,free,retained,679,0,0
2024-11-01,2024,11,free,retained,819,0,0
2024-11-01,2024,11,free,retained,265,0,0
2024-11-01,2024,11,free,retained,555,0,0
2024-11-01,2024,11,free,retained,849,0,0
2024-11-01,2024,11,free,retained,800,0,0
2024-11-01,2024,11,pro,new,280,13720,13720
2024-11-01,2024,11,pro,retained,506,24794,0
2024-11-01,2024,11,pro,retained,392,19208,0
2024-11-01,2024,11,pro,retained,543,26607,0
2024-11-01,2024,11,pro,retained,96,4704,0
2024-11-01,2024,11,pro,retained,181,8869,0
2024-11-01,2024,11,pro,retained,147,7203,0
2024-11-01,2024,11,pro,retained,513,25137,0
2024-11-01,2024,11,pro,retained,209,10241,0
2024-11-01,2024,11,pro,retained,507,24843,0
2024-11-01,2024,11,pro,retained,417,20433,0
2024-11-01,2024,11,pro,retained,323,15827,0
2024-11-01,2024,11,pro,retained,253,12397,0
2024-11-01,2024,11,pro,retained,462,22638,0
2024-11-01,2024,11,pro,retained,378,18522,0
2024-11-01,2024,11,pro,retained,597,29253,0
2024-11-01,2024,11,pro,retained,359,17591,0
2024-11-01,2024,11,pro,retained,343,16807,0
2024-11-01,2024,11,pro,retained,200,9800,0
2024-11-01,2024,11,pro,retained,494,24206,0
2024-11-01,2024,11,pro,retained,535,26215,0
2024-11-01,2024,11,pro,retained,376,18424,0
2024-11-01,2024,11,pro,retained,577,28273,0
2024-12-01,2024,12,enterprise,new,62,18538,18538
2024-12-01,2024,12,enterprise,retained,107,31993,0
2024-12-01,2024,12,enterprise,retained,58,17342,0
2024-12-01,2024,12,enterprise,retained,33,9867,0
2024-12-01,2024,12,enterprise,retained,40,11960,0
2024-12-01,2024,12,enterprise,retained,93,27807,0
2024-12-01,2024,12,enterprise,retained,161,48139,0
2024-12-01,2024,12,enterprise,retained,135,40365,0
2024-12-01,2024,12,enterprise,retained,125,37375,0
2024-12-01,2024,12,enterprise,retained,64,19136,0
2024-12-01,2024,12,enterprise,retained,22,6578,0
2024-12-01,2024,12,enterprise,retained,76,22724,0
2024-12-01,2024,12,enterprise,retained,124,37076,0
2024-12-01,2024,12,enterprise,retained,92,27508,0
2024-12-01,2024,12,enterprise,retained,102,30498,0
2024-12-01,2024,12,enterprise,retained,123,36777,0
2024-12-01,2024,12,enterprise,retained,134,40066,0
2024-12-01,2024,12,enterprise,retained,123,36777,0
2024-12-01,2024,12,enterprise,retained,122,36478,0
2024-12-01,2024,12,enterprise,retained,160,47840,0
2024-12-01,2024,12,enterprise,retained,128,38272,0
2024-12-01,2024,12,enterprise,retained,94,28106,0
2024-12-01,2024,12,enterprise,retained,113,33787,0
2024-12-01,2024,12,enterprise,retained,66,19734,0
2024-12-01,2024,12,free,new_free,632,0,0
2024-12-01,2024,12,free,retained,349,0,0
2024-12-01,2024,12,free,retained,714,0,0
2024-12-01,2024,12,free,retained,223,0,0
2024-12-01,2024,12,free,retained,913,0,0
2024-12-01,2024,12,free,retained,865,0,0
2024-12-01,2024,12,free,retained,783,0,0
2024-12-01,2024,12,free,retained,194,0,0
2024-12-01,2024,12,free,retained,913,0,0
2024-12-01,2024,12,free,retained,708,0,0
2024-12-01,2024,12,free,retained,878,0,0
2024-12-01,2024,12,free,retained,629,0,0
2024-12-01,2024,12,free,retained,727,0,0
2024-12-01,2024,12,free,retained,457,0,0
2024-12-01,2024,12,free,retained,751,0,0
2024-12-01,2024,12,free,retained,554,0,0
2024-12-01,2024,12,free,retained,973,0,0
2024-12-01,2024,12,free,retained,927,0,0
2024-12-01,2024,12,free,retained,829,0,0
2024-12-01,2024,12,free,retained,733,0,0
2024-12-01,2024,12,free,retained,265,0,0
2024-12-01,2024,12,free,retained,677,0,0
2024-12-01,2024,12,free,retained,324,0,0
2024-12-01,2024,12,free,retained,844,0,0
2024-12-01,2024,12,pro,new,271,13279,13279
2024-12-01,2024,12,pro,retained,542,26558,0
2024-12-01,2024,12,pro,retained,507,24843,0
2024-12-01,2024,12,pro,retained,181,8869,0
2024-12-01,2024,12,pro,retained,200,9800,0
2024-12-01,2024,12,pro,retained,343,16807,0
2024-12-01,2024,12,pro,retained,460,22540,0
2024-12-01,2024,12,pro,retained,505,24745,0
2024-12-01,2024,12,pro,retained,374,18326,0
2024-12-01,2024,12,pro,retained,147,7203,0
2024-12-01,2024,12,pro,retained,359,17591,0
2024-12-01,2024,12,pro,retained,593,29057,0
2024-12-01,2024,12,pro,retained,278,13622,0
2024-12-01,2024,12,pro,retained,513,25137,0
2024-12-01,2024,12,pro,retained,314,15386,0
2024-12-01,2024,12,pro,retained,209,10241,0
2024-12-01,2024,12,pro,retained,96,4704,0
2024-12-01,2024,12,pro,retained,490,24010,0
2024-12-01,2024,12,pro,retained,252,12348,0
2024-12-01,2024,12,pro,retained,533,26117,0
2024-12-01,2024,12,pro,retained,571,27979,0
2024-12-01,2024,12,pro,retained,366,17934,0
2024-12-01,2024,12,pro,retained,378,18522,0
2024-12-01,2024,12,pro,retained,416,20384,0
2025-01-01,2025,1,enterprise,new,57,17043,17043
2025-01-01,2025,1,enterprise,retained,66,19734,0
2025-01-01,2025,1,enterprise,retained,22,6578,0
2025-01-01,2025,1,enterprise,retained,102,30498,0
2025-01-01,2025,1,enterprise,retained,75,22425,0
2025-01-01,2025,1,enterprise,retained,160,47840,0
2025-01-01,2025,1,enterprise,retained,122,36478,0
2025-01-01,2025,1,enterprise,retained,107,31993,0
2025-01-01,2025,1,enterprise,retained,61,18239,0
2025-01-01,2025,1,enterprise,retained,58,17342,0
2025-01-01,2025,1,enterprise,retained,128,38272,0
2025-01-01,2025,1,enterprise,retained,122,36478,0
2025-01-01,2025,1,enterprise,retained,33,9867,0
2025-01-01,2025,1,enterprise,retained,125,37375,0
2025-01-01,2025,1,enterprise,retained,123,36777,0
2025-01-01,2025,1,enterprise,retained,40,11960,0
2025-01-01,2025,1,enterprise,retained,160,47840,0
2025-01-01,2025,1,enterprise,retained,135,40365,0
2025-01-01,2025,1,enterprise,retained,92,27508,0
2025-01-01,2025,1,enterprise,retained,111,33189,0
2025-01-01,2025,1,enterprise,retained,134,40066,0
2025-01-01,2025,1,enterprise,retained,124,37076,0
2025-01-01,2025,1,enterprise,retained,64,19136,0
2025-01-01,2025,1,enterprise,retained,91,27209,0
2025-01-01,2025,1,enterprise,retained,93,27807,0
2025-01-01,2025,1,free,new_free,506,0,0
2025-01-01,2025,1,free,retained,851,0,0
2025-01-01,2025,1,free,retained,457,0,0
2025-01-01,2025,1,free,retained,265,0,0
2025-01-01,2025,1,free,retained,721,0,0
2025-01-01,2025,1,free,retained,858,0,0
2025-01-01,2025,1,free,retained,672,0,0
2025-01-01,2025,1,free,retained,906,0,0
2025-01-01,2025,1,free,retained,621,0,0
2025-01-01,2025,1,free,retained,194,0,0
2025-01-01,2025,1,free,retained,646,0,0
2025-01-01,2025,1,free,retained,654,0,0
2025-01-01,2025,1,free,retained,649,0,0
2025-01-01,2025,1,free,retained,801,0,0
2025-01-01,2025,1,free,retained,627,0,0
2025-01-01,2025,1,free,retained,553,0,0
2025-01-01,2025,1,free,retained,908,0,0
2025-01-01,2025,1,free,retained,783,0,0
2025-01-01,2025,1,free,retained,843,0,0
2025-01-01,2025,1,free,retained,348,0,0
2025-01-01,2025,1,free,retained,724,0,0
2025-01-01,2025,1,free,retained,953,0,0
2025-01-01,2025,1,free,retained,898,0,0
2025-01-01,2025,1,free,retained,223,0,0
2025-01-01,2025,1,free,retained,324,0,0
2025-01-01,2025,1,pro,new,217,10633,10633
2025-01-01,2025,1,pro,retained,360,17640,0
2025-01-01,2025,1,pro,retained,261,12789,0
2025-01-01,2025,1,pro,retained,513,25137,0
2025-01-01,2025,1,pro,retained,378,18522,0
2025-01-01,2025,1,pro,retained,538,26362,0
2025-01-01,2025,1,pro,retained,568,27832,0
2025-01-01,2025,1,pro,retained,271,13279,0
2025-01-01,2025,1,pro,retained,209,10241,0
2025-01-01,2025,1,pro,retained,96,4704,0
2025-01-01,2025,1,pro,retained,591,28959,0
2025-01-01,2025,1,pro,retained,487,23863,0
2025-01-01,2025,1,pro,retained,252,12348,0
2025-01-01,2025,1,pro,retained,507,24843,0
2025-01-01,2025,1,pro,retained,455,22295,0
2025-01-01,2025,1,pro,retained,504,24696,0
2025-01-01,2025,1,pro,retained,362,17738,0
2025-01-01,2025,1,pro,retained,532,26068,0
2025-01-01,2025,1,pro,retained,359,17591,0
2025-01-01,2025,1,pro,retained,305,14945,0
2025-01-01,2025,1,pro,retained,181,8869,0
2025-01-01,2025,1,pro,retained,200,9800,0
2025-01-01,2025,1,pro,retained,343,16807,0
2025-01-01,2025,1,pro,retained,414,20286,0
2025-01-01,2025,1,pro,retained,147,7203,0
2025-02-01,2025,2,enterprise,new,52,15548,15548
2025-02-01,2025,2,enterprise,retained,134,40066,0
2025-02-01,2025,2,enterprise,retained,122,36478,0
2025-02-01,2025,2,enterprise,retained,160,47840,0
2025-02-01,2025,2,enterprise,retained,22,6578,0
2025-02-01,2025,2,enterprise,retained,88,26312,0
2025-02-01,2025,2,enterprise,retained,33,9867,0
2025-02-01,2025,2,enterprise,retained,64,19136,0
2025-02-01,2025,2,enterprise,retained,124,37076,0
2025-02-01,2025,2,enterprise,retained,125,37375,0
2025-02-01,2025,2,enterprise,retained,107,31993,0
2025-02-01,2025,2,enterprise,retained,91,27209,0
2025-02-01,2025,2,enterprise,retained,123,36777,0
2025-02-01,2025,2,enterprise,retained,66,19734,0
2025-02-01,2025,2,enterprise,retained,135,40365,0
2025-02-01,2025,2,enterprise,retained,128,38272,0
2025-02-01,2025,2,enterprise,retained,109,32591,0
2025-02-01,2025,2,enterprise,retained,75,22425,0
2025-02-01,2025,2,enterprise,retained,40,11960,0
2025-02-01,2025,2,enterprise,retained,102,30498,0
2025-02-01,2025,2,enterprise,retained,58,17342,0
2025-02-01,2025,2,enterprise,retained,57,17043,0
2025-02-01,2025,2,enterprise,retained,160,47840,0
2025-02-01,2025,2,enterprise,retained,92,27508,0
2025-02-01,2025,2,enterprise,retained,60,17940,0
2025-02-01,2025,2,enterprise,retained,122,36478,0
2025-02-01,2025,2,free,new_free,354,0,0
2025-02-01,2025,2,free,retained,883,0,0
2025-02-01,2025,2,free,retained,783,0,0
2025-02-01,2025,2,free,retained,899,0,0
2025-02-01,2025,2,free,retained,885,0,0
2025-02-01,2025,2,free,retained,721,0,0
2025-02-01,2025,2,free,retained,622,0,0
2025-02-01,2025,2,free,retained,457,0,0
2025-02-01,2025,2,free,retained,838,0,0
2025-02-01,2025,2,free,retained,543,0,0
2025-02-01,2025,2,free,retained,491,0,0
2025-02-01,2025,2,free,retained,348,0,0
2025-02-01,2025,2,free,retained,552,0,0
2025-02-01,2025,2,free,retained,596,0,0
2025-02-01,2025,2,free,retained,783,0,0
2025-02-01,2025,2,free,retained,265,0,0
2025-02-01,2025,2,free,retained,847,0,0
2025-02-01,2025,2,free,retained,697,0,0
2025-02-01,2025,2,free,retained,324,0,0
2025-02-01,2025,2,free,retained,670,0,0
2025-02-01,2025,2,free,retained,842,0,0
2025-02-01,2025,2,free,retained,941,0,0
2025-02-01,2025,2,free,retained,194,0,0
2025-02-01,2025,2,free,retained,587,0,0
2025-02-01,2025,2,free,retained,223,0,0
2025-02-01,2025,2,free,retained,625,0,0
2025-02-01,2025,2,pro,new,177,8673,8673
2025-02-01,2025,2,pro,retained,531,26019,0
2025-02-01,2025,2,pro,retained,300,14700,0
2025-02-01,2025,2,pro,retained,535,26215,0
2025-02-01,2025,2,pro,retained,96,4704,0
2025-02-01,2025,2,pro,retained,359,17591,0
2025-02-01,2025,2,pro,retained,513,25137,0
2025-02-01,2025,2,pro,retained,215,10535,0
2025-02-01,2025,2,pro,retained,485,23765,0
2025-02-01,2025,2,pro,retained,253,12397,0
2025-02-01,2025,2,pro,retained,359,17591,0
2025-02-01,2025,2,pro,retained,252,12348,0
2025-02-01,2025,2,pro,retained,378,18522,0
2025-02-01,2025,2,pro,retained,147,7203,0
2025-02-01,2025,2,pro,retained,200,9800,0
2025-02-01,2025,2,pro,retained,181,8869,0
2025-02-01,2025,2,pro,retained,342,16758,0
2025-02-01,2025,2,pro,retained,209,10241,0
2025-02-01,2025,2,pro,retained,567,27783,0
2025-02-01,2025,2,pro,retained,451,22099,0
2025-02-01,2025,2,pro,retained,414,20286,0
2025-02-01,2025,2,pro,retained,589,28861,0
2025-02-01,2025,2,pro,retained,500,24500,0
2025-02-01,2025,2,pro,retained,355,17395,0
2025-02-01,2025,2,pro,retained,506,24794,0
2025-02-01,2025,2,pro,retained,256,12544,0
2025-03-01,2025,3,enterprise,new,43,12857,12857
2025-03-01,2025,3,enterprise,retained,75,22425,0
2025-03-01,2025,3,enterprise,retained,58,17342,0
2025-03-01,2025,3,enterprise,retained,40,11960,0
2025-03-01,2025,3,enterprise,retained,51,15249,0
2025-03-01,2025,3,enterprise,retained,64,19136,0
2025-03-01,2025,3,enterprise,retained,88,26312,0
2025-03-01,2025,3,enterprise,retained,91,27209,0
2025-03-01,2025,3,enterprise,retained,124,37076,0
2025-03-01,2025,3,enterprise,retained,22,6578,0
2025-03-01,2025,3,enterprise,retained,102,30498,0
2025-03-01,2025,3,enterprise,retained,122,36478,0
2025-03-01,2025,3,enterprise,retained,33,9867,0
2025-03-01,2025,3,enterprise,retained,128,38272,0
2025-03-01,2025,3,enterprise,retained,135,40365,0
2025-03-01,2025,3,enterprise,retained,92,27508,0
2025-03-01,2025,3,enterprise,retained,107,31993,0
2025-03-01,2025,3,enterprise,retained,122,36478,0
2025-03-01,2025,3,enterprise,retained,56,16744,0
2025-03-01,2025,3,enterprise,retained,58,17342,0
2025-03-01,2025,3,enterprise,retained,160,47840,0
2025-03-01,2025,3,enterprise,retained,125,37375,0
2025-03-01,2025,3,enterprise,retained,160,47840,0
2025-03-01,2025,3,enterprise,retained,134,40066,0
2025-03-01,2025,3,enterprise,retained,123,36777,0
2025-03-01,2025,3,enterprise,retained,66,19734,0
2025-03-01,2025,3,enterprise,retained,109,32591,0
2025-03-01,2025,3,free,new_free,369,0,0
2025-03-01,2025,3,free,retained,347,0,0
2025-03-01,2025,3,free,retained,532,0,0
2025-03-01,2025,3,free,retained,932,0,0
2025-03-01,2025,3,free,retained,324,0,0
2025-03-01,2025,3,free,retained,836,0,0
2025-03-01,2025,3,free,retained,834,0,0
2025-03-01,2025,3,free,retained,603,0,0
2025-03-01,2025,3,free,retained,552,0,0
2025-03-01,2025,3,free,retained,896,0,0
2025-03-01,2025,3,free,retained,500,0,0
2025-03-01,2025,3,free,retained,873,0,0
2025-03-01,2025,3,free,retained,348,0,0
2025-03-01,2025,3,free,retained,773,0,0
2025-03-01,2025,3,free,retained,783,0,0
2025-03-01,2025,3,free,retained,720,0,0
2025-03-01,2025,3,free,retained,265,0,0
2025-03-01,2025,3,free,retained,457,0,0
2025-03-01,2025,3,free,retained,578,0,0
2025-03-01,2025,3,free,retained,836,0,0
2025-03-01,2025,3,free,retained,872,0,0
2025-03-01,2025,3,free,retained,434,0,0
2025-03-01,2025,3,free,retained,669,0,0
2025-03-01,2025,3,free,retained,223,0,0
2025-03-01,2025,3,free,retained,684,0,0
2025-03-01,2025,3,free,retained,624,0,0
2025-03-01,2025,3,free,retained,194,0,0
2025-03-01,2025,3,pro,new,163,7987,7987
2025-03-01,2025,3,pro,retained,413,20237,0
2025-03-01,2025,3,pro,retained,353,17297,0
2025-03-01,2025,3,pro,retained,499,24451,0
2025-03-01,2025,3,pro,retained,357,17493,0
2025-03-01,2025,3,pro,retained,297,14553,0
2025-03-01,2025,3,pro,retained,566,27734,0
2025-03-01,2025,3,pro,retained,513,25137,0
2025-03-01,2025,3,pro,retained,209,10241,0
2025-03-01,2025,3,pro,retained,377,18473,0
2025-03-01,2025,3,pro,retained,147,7203,0
2025-03-01,2025,3,pro,retained,530,25970,0
2025-03-01,2025,3,pro,retained,176,8624,0
2025-03-01,2025,3,pro,retained,484,23716,0
2025-03-01,2025,3,pro,retained,505,24745,0
2025-03-01,2025,3,pro,retained,96,4704,0
2025-03-01,2025,3,pro,retained,181,8869,0
2025-03-01,2025,3,pro,retained,341,16709,0
2025-03-01,2025,3,pro,retained,532,26068,0
2025-03-01,2025,3,pro,retained,209,10241,0
2025-03-01,2025,3,pro,retained,449,22001,0
2025-03-01,2025,3,pro,retained,200,9800,0
2025-03-01,2025,3,pro,retained,252,12348,0
2025-03-01,2025,3,pro,retained,587,28763,0
2025-03-01,2025,3,pro,retained,244,11956,0
2025-03-01,2025,3,pro,retained,359,17591,0
2025-03-01,2025,3,pro,retained,243,11907,0
2025-04-01,2025,4,enterprise,new,22,6578,6578
2025-04-01,2025,4,enterprise,retained,121,36179,0
2025-04-01,2025,4,enterprise,retained,128,38272,0
2025-04-01,2025,4,enterprise,retained,64,19136,0
2025-04-01,2025,4,enterprise,retained,43,12857,0
2025-04-01,2025,4,enterprise,retained,91,27209,0
2025-04-01,2025,4,enterprise,retained,22,6578,0
2025-04-01,2025,4,enterprise,retained,40,11960,0
2025-04-01,2025,4,enterprise,retained,122,36478,0
2025-04-01,2025,4,enterprise,retained,160,47840,0
2025-04-01,2025,4,enterprise,retained,58,17342,0
2025-04-01,2025,4,enterprise,retained,75,22425,0
2025-04-01,2025,4,enterprise,retained,56,16744,0
2025-04-01,2025,4,enterprise,retained,66,19734,0
2025-04-01,2025,4,enterprise,retained,92,27508,0
2025-04-01,2025,4,enterprise,retained,58,17342,0
2025-04-01,2025,4,enterprise,retained,135,40365,0
2025-04-01,2025,4,enterprise,retained,108,32292,0
2025-04-01,2025,4,enterprise,retained,33,9867,0
2025-04-01,2025,4,enterprise,retained,107,31993,0
2025-04-01,2025,4,enterprise,retained,160,47840,0
2025-04-01,2025,4,enterprise,retained,51,15249,0
2025-04-01,2025,4,enterprise,retained,123,36777,0
2025-04-01,2025,4,enterprise,retained,88,26312,0
2025-04-01,2025,4,enterprise,retained,125,37375,0
2025-04-01,2025,4,enterprise,retained,134,40066,0
2025-04-01,2025,4,enterprise,retained,124,37076,0
2025-04-01,2025,4,enterprise,retained,102,30498,0
2025-04-01,2025,4,free,new_free,301,0,0
2025-04-01,2025,4,free,retained,868,0,0
2025-04-01,2025,4,free,retained,366,0,0
2025-04-01,2025,4,free,retained,676,0,0
2025-04-01,2025,4,free,retained,826,0,0
2025-04-01,2025,4,free,retained,265,0,0
2025-04-01,2025,4,free,retained,669,0,0
2025-04-01,2025,4,free,retained,783,0,0
2025-04-01,2025,4,free,retained,552,0,0
2025-04-01,2025,4,free,retained,717,0,0
2025-04-01,2025,4,free,retained,513,0,0
2025-04-01,2025,4,free,retained,459,0,0
2025-04-01,2025,4,free,retained,314,0,0
2025-04-01,2025,4,free,retained,922,0,0
2025-04-01,2025,4,free,retained,380,0,0
2025-04-01,2025,4,free,retained,194,0,0
2025-04-01,2025,4,free,retained,889,0,0
2025-04-01,2025,4,free,retained,561,0,0
2025-04-01,2025,4,free,retained,585,0,0
2025-04-01,2025,4,free,retained,324,0,0
2025-04-01,2025,4,free,retained,757,0,0
2025-04-01,2025,4,free,retained,861,0,0
2025-04-01,2025,4,free,retained,223,0,0
2025-04-01,2025,4,free,retained,457,0,0
2025-04-01,2025,4,free,retained,623,0,0
2025-04-01,2025,4,free,retained,831,0,0
2025-04-01,2025,4,free,retained,348,0,0
2025-04-01,2025,4,free,retained,830,0,0
2025-04-01,2025,4,pro,new,118,5782,5782
2025-04-01,2025,4,pro,retained,209,10241,0
2025-04-01,2025,4,pro,retained,530,25970,0
2025-04-01,2025,4,pro,retained,377,18473,0
2025-04-01,2025,4,pro,retained,341,16709,0
2025-04-01,2025,4,pro,retained,203,9947,0
2025-04-01,2025,4,pro,retained,565,27685,0
2025-04-01,2025,4,pro,retained,448,21952,0
2025-04-01,2025,4,pro,retained,349,17101,0
2025-04-01,2025,4,pro,retained,200,9800,0
2025-04-01,2025,4,pro,retained,241,11809,0
2025-04-01,2025,4,pro,retained,354,17346,0
2025-04-01,2025,4,pro,retained,530,25970,0
2025-04-01,2025,4,pro,retained,294,14406,0
2025-04-01,2025,4,pro,retained,484,23716,0
2025-04-01,2025,4,pro,retained,252,12348,0
2025-04-01,2025,4,pro,retained,497,24353,0
2025-04-01,2025,4,pro,retained,147,7203,0
2025-04-01,2025,4,pro,retained,240,11760,0
2025-04-01,2025,4,pro,retained,164,8036,0
2025-04-01,2025,4,pro,retained,584,28616,0
2025-04-01,2025,4,pro,retained,359,17591,0
2025-04-01,2025,4,pro,retained,181,8869,0
2025-04-01,2025,4,pro,retained,513,25137,0
2025-04-01,2025,4,pro,retained,96,4704,0
2025-04-01,2025,4,pro,retained,160,7840,0
2025-04-01,2025,4,pro,retained,504,24696,0
2025-04-01,2025,4,pro,retained,413,20237,0
2025-05-01,2025,5,enterprise,new,23,6877,6877
2025-05-01,2025,5,enterprise,retained,92,27508,0
2025-05-01,2025,5,enterprise,retained,107,31993,0
2025-05-01,2025,5,enterprise,retained,135,40365,0
2025-05-01,2025,5,enterprise,retained,124,37076,0
2025-05-01,2025,5,enterprise,retained,91,27209,0
2025-05-01,2025,5,enterprise,retained,160,47840,0
2025-05-01,2025,5,enterprise,retained,54,16146,0
2025-05-01,2025,5,enterprise,retained,51,15249,0
2025-05-01,2025,5,enterprise,retained,75,22425,0
2025-05-01,2025,5,enterprise,retained,121,36179,0
2025-05-01,2025,5,enterprise,retained,125,37375,0
2025-05-01,2025,5,enterprise,retained,160,47840,0
2025-05-01,2025,5,enterprise,retained,22,6578,0
2025-05-01,2025,5,enterprise,retained,33,9867,0
2025-05-01,2025,5,enterprise,retained,122,36478,0
2025-05-01,2025,5,enterprise,retained,42,12558,0
2025-05-01,2025,5,enterprise,retained,58,17342,0
2025-05-01,2025,5,enterprise,retained,123,36777,0
2025-05-01,2025,5,enterprise,retained,64,19136,0
2025-05-01,2025,5,enterprise,retained,107,31993,0
2025-05-01,2025,5,enterprise,retained,134,40066,0
2025-05-01,2025,5,enterprise,retained,58,17342,0
2025-05-01,2025,5,enterprise,retained,21,6279,0
2025-05-01,2025,5,enterprise,retained,102,30498,0
2025-05-01,2025,5,enterprise,retained,66,19734,0
2025-05-01,2025,5,enterprise,retained,40,11960,0
2025-05-01,2025,5,enterprise,retained,128,38272,0
2025-05-01,2025,5,enterprise,retained,88,26312,0
2025-05-01,2025,5,free,new_free,238,0,0
2025-05-01,2025,5,free,retained,712,0,0
2025-05-01,2025,5,free,retained,669,0,0
2025-05-01,2025,5,free,retained,292,0,0
2025-05-01,2025,5,free,retained,223,0,0
2025-05-01,2025,5,free,retained,283,0,0
2025-05-01,2025,5,free,retained,550,0,0
2025-05-01,2025,5,free,retained,552,0,0
2025-05-01,2025,5,free,retained,623,0,0
2025-05-01,2025,5,free,retained,345,0,0
2025-05-01,2025,5,free,retained,825,0,0
2025-05-01,2025,5,free,retained,886,0,0
2025-05-01,2025,5,free,retained,574,0,0
2025-05-01,2025,5,free,retained,324,0,0
2025-05-01,2025,5,free,retained,919,0,0
2025-05-01,2025,5,free,retained,348,0,0
2025-05-01,2025,5,free,retained,817,0,0
2025-05-01,2025,5,free,retained,457,0,0
2025-05-01,2025,5,free,retained,749,0,0
2025-05-01,2025,5,free,retained,783,0,0
2025-05-01,2025,5,free,retained,828,0,0
2025-05-01,2025,5,free,retained,660,0,0
2025-05-01,2025,5,free,retained,855,0,0
2025-05-01,2025,5,free,retained,864,0,0
2025-05-01,2025,5,free,retained,439,0,0
2025-05-01,2025,5,free,retained,194,0,0
2025-05-01,2025,5,free,retained,497,0,0
2025-05-01,2025,5,free,retained,265,0,0
2025-05-01,2025,5,free,retained,333,0,0
2025-05-01,2025,5,pro,new,90,4410,4410
2025-05-01,2025,5,pro,retained,291,14259,0
2025-05-01,2025,5,pro,retained,252,12348,0
2025-05-01,2025,5,pro,retained,200,9800,0
2025-05-01,2025,5,pro,retained,513,25137,0
2025-05-01,2025,5,pro,retained,238,11662,0
2025-05-01,2025,5,pro,retained,347,17003,0
2025-05-01,2025,5,pro,retained,413,20237,0
2025-05-01,2025,5,pro,retained,181,8869,0
2025-05-01,2025,5,pro,retained,504,24696,0
2025-05-01,2025,5,pro,retained,446,21854,0
2025-05-01,2025,5,pro,retained,484,23716,0
2025-05-01,2025,5,pro,retained,353,17297,0
2025-05-01,2025,5,pro,retained,497,24353,0
2025-05-01,2025,5,pro,retained,209,10241,0
2025-05-01,2025,5,pro,retained,240,11760,0
2025-05-01,2025,5,pro,retained,117,5733,0
2025-05-01,2025,5,pro,retained,357,17493,0
2025-05-01,2025,5,pro,retained,156,7644,0
2025-05-01,2025,5,pro,retained,584,28616,0
2025-05-01,2025,5,pro,retained,530,25970,0
2025-05-01,2025,5,pro,retained,565,27685,0
2025-05-01,2025,5,pro,retained,377,18473,0
2025-05-01,2025,5,pro,retained,341,16709,0
2025-05-01,2025,5,pro,retained,529,25921,0
2025-05-01,2025,5,pro,retained,96,4704,0
2025-05-01,2025,5,pro,retained,147,7203,0
2025-05-01,2025,5,pro,retained,159,7791,0
2025-05-01,2025,5,pro,retained,197,9653,0
2025-06-01,2025,6,enterprise,new,28,8372,8372
2025-06-01,2025,6,enterprise,retained,102,30498,0
2025-06-01,2025,6,enterprise,retained,75,22425,0
2025-06-01,2025,6,enterprise,retained,58,17342,0
2025-06-01,2025,6,enterprise,retained,124,37076,0
2025-06-01,2025,6,enterprise,retained,123,36777,0
2025-06-01,2025,6,enterprise,retained,33,9867,0
2025-06-01,2025,6,enterprise,retained,160,47840,0
2025-06-01,2025,6,enterprise,retained,91,27209,0
2025-06-01,2025,6,enterprise,retained,160,47840,0
2025-06-01,2025,6,enterprise,retained,121,36179,0
2025-06-01,2025,6,enterprise,retained,134,40066,0
2025-06-01,2025,6,enterprise,retained,135,40365,0
2025-06-01,2025,6,enterprise,retained,54,16146,0
2025-06-01,2025,6,enterprise,retained,20,5980,0
2025-06-01,2025,6,enterprise,retained,42,12558,0
2025-06-01,2025,6,enterprise,retained,40,11960,0
2025-06-01,2025,6,enterprise,retained,125,37375,0
2025-06-01,2025,6,enterprise,retained,128,38272,0
2025-06-01,2025,6,enterprise,retained,23,6877,0
2025-06-01,2025,6,enterprise,retained,50,14950,0
2025-06-01,2025,6,enterprise,retained,92,27508,0
2025-06-01,2025,6,enterprise,retained,122,36478,0
2025-06-01,2025,6,enterprise,retained,58,17342,0
2025-06-01,2025,6,enterprise,retained,22,6578,0
2025-06-01,2025,6,enterprise,retained,107,31993,0
2025-06-01,2025,6,enterprise,retained,64,19136,0
2025-06-01,2025,6,enterprise,retained,88,26312,0
2025-06-01,2025,6,enterprise,retained,107,31993,0
2025-06-01,2025,6,enterprise,retained,66,19734,0
2025-06-01,2025,6,free,new_free,183,0,0
2025-06-01,2025,6,free,retained,822,0,0
2025-06-01,2025,6,free,retained,284,0,0
2025-06-01,2025,6,free,retained,266,0,0
2025-06-01,2025,6,free,retained,916,0,0
2025-06-01,2025,6,free,retained,847,0,0
2025-06-01,2025,6,free,retained,854,0,0
2025-06-01,2025,6,free,retained,348,0,0
2025-06-01,2025,6,free,retained,537,0,0
2025-06-01,2025,6,free,retained,655,0,0
2025-06-01,2025,6,free,retained,427,0,0
2025-06-01,2025,6,free,retained,265,0,0
2025-06-01,2025,6,free,retained,486,0,0
2025-06-01,2025,6,free,retained,709,0,0
2025-06-01,2025,6,free,retained,622,0,0
2025-06-01,2025,6,free,retained,566,0,0
2025-06-01,2025,6,free,retained,669,0,0
2025-06-01,2025,6,free,retained,783,0,0
2025-06-01,2025,6,free,retained,809,0,0
2025-06-01,2025,6,free,retained,457,0,0
2025-06-01,2025,6,free,retained,223,0,0
2025-06-01,2025,6,free,retained,324,0,0
2025-06-01,2025,6,free,retained,827,0,0
2025-06-01,2025,6,free,retained,233,0,0
2025-06-01,2025,6,free,retained,332,0,0
2025-06-01,2025,6,free,retained,884,0,0
2025-06-01,2025,6,free,retained,552,0,0
2025-06-01,2025,6,free,retained,261,0,0
2025-06-01,2025,6,free,retained,194,0,0
2025-06-01,2025,6,free,retained,743,0,0
2025-06-01,2025,6,pro,new,85,4165,4165
2025-06-01,2025,6,pro,retained,156,7644,0
2025-06-01,2025,6,pro,retained,528,25872,0
2025-06-01,2025,6,pro,retained,291,14259,0
2025-06-01,2025,6,pro,retained,357,17493,0
2025-06-01,2025,6,pro,retained,346,16954,0
2025-06-01,2025,6,pro,retained,484,23716,0
2025-06-01,2025,6,pro,retained,240,11760,0
2025-06-01,2025,6,pro,retained,351,17199,0
2025-06-01,2025,6,pro,retained,90,4410,0
2025-06-01,2025,6,pro,retained,504,24696,0
2025-06-01,2025,6,pro,retained,377,18473,0
2025-06-01,2025,6,pro,retained,252,12348,0
2025-06-01,2025,6,pro,retained,147,7203,0
2025-06-01,2025,6,pro,retained,513,25137,0
2025-06-01,2025,6,pro,retained,413,20237,0
2025-06-01,2025,6,pro,retained,236,11564,0
2025-06-01,2025,6,pro,retained,528,25872,0
2025-06-01,2025,6,pro,retained,200,9800,0
2025-06-01,2025,6,pro,retained,496,24304,0
2025-06-01,2025,6,pro,retained,96,4704,0
2025-06-01,2025,6,pro,retained,584,28616,0
2025-06-01,2025,6,pro,retained,154,7546,0
2025-06-01,2025,6,pro,retained,181,8869,0
2025-06-01,2025,6,pro,retained,564,27636,0
2025-06-01,2025,6,pro,retained,112,5488,0
2025-06-01,2025,6,pro,retained,209,10241,0
2025-06-01,2025,6,pro,retained,195,9555,0
2025-06-01,2025,6,pro,retained,444,21756,0
2025-06-01,2025,6,pro,retained,341,16709,0
2025-07-01,2025,7,enterprise,new,18,5382,5382
2025-07-01,2025,7,enterprise,retained,107,31993,0
2025-07-01,2025,7,enterprise,retained,91,27209,0
2025-07-01,2025,7,enterprise,retained,123,36777,0
2025-07-01,2025,7,enterprise,retained,66,19734,0
2025-07-01,2025,7,enterprise,retained,135,40365,0
2025-07-01,2025,7,enterprise,retained,20,5980,0
2025-07-01,2025,7,enterprise,retained,54,16146,0
2025-07-01,2025,7,enterprise,retained,50,14950,0
2025-07-01,2025,7,enterprise,retained,58,17342,0
2025-07-01,2025,7,enterprise,retained,64,19136,0
2025-07-01,2025,7,enterprise,retained,23,6877,0
2025-07-01,2025,7,enterprise,retained,160,47840,0
2025-07-01,2025,7,enterprise,retained,128,38272,0
2025-07-01,2025,7,enterprise,retained,42,12558,0
2025-07-01,2025,7,enterprise,retained,134,40066,0
2025-07-01,2025,7,enterprise,retained,33,9867,0
2025-07-01,2025,7,enterprise,retained,22,6578,0
2025-07-01,2025,7,enterprise,retained,102,30498,0
2025-07-01,2025,7,enterprise,retained,160,47840,0
2025-07-01,2025,7,enterprise,retained,28,8372,0
2025-07-01,2025,7,enterprise,retained,40,11960,0
2025-07-01,2025,7,enterprise,retained,122,36478,0
2025-07-01,2025,7,enterprise,retained,121,36179,0
2025-07-01,2025,7,enterprise,retained,124,37076,0
2025-07-01,2025,7,enterprise,retained,92,27508,0
2025-07-01,2025,7,enterprise,retained,125,37375,0
2025-07-01,2025,7,enterprise,retained,58,17342,0
2025-07-01,2025,7,enterprise,retained,75,22425,0
2025-07-01,2025,7,enterprise,retained,107,31993,0
2025-07-01,2025,7,enterprise,retained,88,26312,0
2025-07-01,2025,7,free,new_free,157,0,0
2025-07-01,2025,7,free,retained,319,0,0
2025-07-01,2025,7,free,retained,708,0,0
2025-07-01,2025,7,free,retained,850,0,0
2025-07-01,2025,7,free,retained,415,0,0
2025-07-01,2025,7,free,retained,324,0,0
2025-07-01,2025,7,free,retained,194,0,0
2025-07-01,2025,7,free,retained,883,0,0
2025-07-01,2025,7,free,retained,478,0,0
2025-07-01,2025,7,free,retained,843,0,0
2025-07-01,2025,7,free,retained,808,0,0
2025-07-01,2025,7,free,retained,236,0,0
2025-07-01,2025,7,free,retained,180,0,0
2025-07-01,2025,7,free,retained,645,0,0
2025-07-01,2025,7,free,retained,783,0,0
2025-07-01,2025,7,free,retained,669,0,0
2025-07-01,2025,7,free,retained,821,0,0
2025-07-01,2025,7,free,retained,739,0,0
2025-07-01,2025,7,free,retained,348,0,0
2025-07-01,2025,7,free,retained,457,0,0
2025-07-01,2025,7,free,retained,552,0,0
2025-07-01,2025,7,free,retained,200,0,0
2025-07-01,2025,7,free,retained,622,0,0
2025-07-01,2025,7,free,retained,257,0,0
2025-07-01,2025,7,free,retained,265,0,0
2025-07-01,2025,7,free,retained,560,0,0
2025-07-01,2025,7,free,retained,223,0,0
2025-07-01,2025,7,free,retained,528,0,0
2025-07-01,2025,7,free,retained,261,0,0
2025-07-01,2025,7,free,retained,827,0,0
2025-07-01,2025,7,free,retained,913,0,0
2025-07-01,2025,7,pro,new,63,3087,3087
2025-07-01,2025,7,pro,retained,584,28616,0
2025-07-01,2025,7,pro,retained,193,9457,0
2025-07-01,2025,7,pro,retained,200,9800,0
2025-07-01,2025,7,pro,retained,147,7203,0
2025-07-01,2025,7,pro,retained,240,11760,0
2025-07-01,2025,7,pro,retained,181,8869,0
2025-07-01,2025,7,pro,retained,484,23716,0
2025-07-01,2025,7,pro,retained,351,17199,0
2025-07-01,2025,7,pro,retained,504,24696,0
2025-07-01,2025,7,pro,retained,252,12348,0
2025-07-01,2025,7,pro,retained,527,25823,0
2025-07-01,2025,7,pro,retained,357,17493,0
2025-07-01,2025,7,pro,retained,513,25137,0
2025-07-01,2025,7,pro,retained,341,16709,0
2025-07-01,2025,7,pro,retained,377,18473,0
2025-07-01,2025,7,pro,retained,564,27636,0
2025-07-01,2025,7,pro,retained,84,4116,0
2025-07-01,2025,7,pro,retained,289,14161,0
2025-07-01,2025,7,pro,retained,209,10241,0
2025-07-01,2025,7,pro,retained,443,21707,0
2025-07-01,2025,7,pro,retained,413,20237,0
2025-07-01,2025,7,pro,retained,344,16856,0
2025-07-01,2025,7,pro,retained,154,7546,0
2025-07-01,2025,7,pro,retained,233,11417,0
2025-07-01,2025,7,pro,retained,110,5390,0
2025-07-01,2025,7,pro,retained,528,25872,0
2025-07-01,2025,7,pro,retained,148,7252,0
2025-07-01,2025,7,pro,retained,495,24255,0
2025-07-01,2025,7,pro,retained,87,4263,0
2025-07-01,2025,7,pro,retained,96,4704,0
2025-08-01,2025,8,enterprise,new,17,5083,5083
2025-08-01,2025,8,enterprise,retained,135,40365,0
2025-08-01,2025,8,enterprise,retained,28,8372,0
2025-08-01,2025,8,enterprise,retained,123,36777,0
2025-08-01,2025,8,enterprise,retained,107,31993,0
2025-08-01,2025,8,enterprise,retained,134,40066,0
2025-08-01,2025,8,enterprise,retained,107,31993,0
2025-08-01,2025,8,enterprise,retained,40,11960,0
2025-08-01,2025,8,enterprise,retained,122,36478,0
2025-08-01,2025,8,enterprise,retained,23,6877,0
2025-08-01,2025,8,enterprise,retained,66,19734,0
2025-08-01,2025,8,enterprise,retained,64,19136,0
2025-08-01,2025,8,enterprise,retained,121,36179,0
2025-08-01,2025,8,enterprise,retained,18,5382,0
2025-08-01,2025,8,enterprise,retained,50,14950,0
2025-08-01,2025,8,enterprise,retained,160,47840,0
2025-08-01,2025,8,enterprise,retained,88,26312,0
2025-08-01,2025,8,enterprise,retained,58,17342,0
2025-08-01,2025,8,enterprise,retained,41,12259,0
2025-08-01,2025,8,enterprise,retained,33,9867,0
2025-08-01,2025,8,enterprise,retained,92,27508,0
2025-08-01,2025,8,enterprise,retained,75,22425,0
2025-08-01,2025,8,enterprise,retained,20,5980,0
2025-08-01,2025,8,enterprise,retained,22,6578,0
2025-08-01,2025,8,enterprise,retained,128,38272,0
2025-08-01,2025,8,enterprise,retained,54,16146,0
2025-08-01,2025,8,enterprise,retained,58,17342,0
2025-08-01,2025,8,enterprise,retained,124,37076,0
2025-08-01,2025,8,enterprise,retained,160,47840,0
2025-08-01,2025,8,enterprise,retained,124,37076,0
2025-08-01,2025,8,enterprise,retained,102,30498,0
2025-08-01,2025,8,enterprise,retained,91,27209,0
2025-08-01,2025,8,free,new_free,108,0,0
2025-08-01,2025,8,free,retained,622,0,0
2025-08-01,2025,8,free,retained,407,0,0
2025-08-01,2025,8,free,retained,669,0,0
2025-08-01,2025,8,free,retained,910,0,0
2025-08-01,2025,8,free,retained,636,0,0
2025-08-01,2025,8,free,retained,324,0,0
2025-08-01,2025,8,free,retained,457,0,0
2025-08-01,2025,8,free,retained,708,0,0
2025-08-01,2025,8,free,retained,552,0,0
2025-08-01,2025,8,free,retained,246,0,0
2025-08-01,2025,8,free,retained,348,0,0
2025-08-01,2025,8,free,retained,821,0,0
2025-08-01,2025,8,free,retained,173,0,0
2025-08-01,2025,8,free,retained,162,0,0
2025-08-01,2025,8,free,retained,213,0,0
2025-08-01,2025,8,free,retained,839,0,0
2025-08-01,2025,8,free,retained,805,0,0
2025-08-01,2025,8,free,retained,223,0,0
2025-08-01,2025,8,free,retained,473,0,0
2025-08-01,2025,8,free,retained,525,0,0
2025-08-01,2025,8,free,retained,153,0,0
2025-08-01,2025,8,free,retained,827,0,0
2025-08-01,2025,8,free,retained,194,0,0
2025-08-01,2025,8,free,retained,265,0,0
2025-08-01,2025,8,free,retained,314,0,0
2025-08-01,2025,8,free,retained,783,0,0
2025-08-01,2025,8,free,retained,553,0,0
2025-08-01,2025,8,free,retained,880,0,0
2025-08-01,2025,8,free,retained,251,0,0
2025-08-01,2025,8,free,retained,730,0,0
2025-08-01,2025,8,free,retained,846,0,0
2025-08-01,2025,8,pro,new,59,2891,2891
2025-08-01,2025,8,pro,retained,96,4704,0
2025-08-01,2025,8,pro,retained,109,5341,0
2025-08-01,2025,8,pro,retained,252,12348,0
2025-08-01,2025,8,pro,retained,146,7154,0
2025-08-01,2025,8,pro,retained,527,25823,0
2025-08-01,2025,8,pro,retained,442,21658,0
2025-08-01,2025,8,pro,retained,80,3920,0
2025-08-01,2025,8,pro,retained,154,7546,0
2025-08-01,2025,8,pro,retained,342,16758,0
2025-08-01,2025,8,pro,retained,563,27587,0
2025-08-01,2025,8,pro,retained,584,28616,0
2025-08-01,2025,8,pro,retained,209,10241,0
2025-08-01,2025,8,pro,retained,147,7203,0
2025-08-01,2025,8,pro,retained,357,17493,0
2025-08-01,2025,8,pro,retained,504,24696,0
2025-08-01,2025,8,pro,retained,287,14063,0
2025-08-01,2025,8,pro,retained,413,20237,0
2025-08-01,2025,8,pro,retained,181,8869,0
2025-08-01,2025,8,pro,retained,495,24255,0
2025-08-01,2025,8,pro,retained,192,9408,0
2025-08-01,2025,8,pro,retained,77,3773,0
2025-08-01,2025,8,pro,retained,484,23716,0
2025-08-01,2025,8,pro,retained,349,17101,0
2025-08-01,2025,8,pro,retained,513,25137,0
2025-08-01,2025,8,pro,retained,341,16709,0
2025-08-01,2025,8,pro,retained,230,11270,0
2025-08-01,2025,8,pro,retained,200,9800,0
2025-08-01,2025,8,pro,retained,62,3038,0
2025-08-01,2025,8,pro,retained,528,25872,0
2025-08-01,2025,8,pro,retained,239,11711,0
2025-08-01,2025,8,pro,retained,377,18473,0
2025-09-01,2025,9,enterprise,new,8,2392,2392
2025-09-01,2025,9,enterprise,retained,66,19734,0
2025-09-01,2025,9,enterprise,retained,128,38272,0
2025-09-01,2025,9,enterprise,retained,75,22425,0
2025-09-01,2025,9,enterprise,retained,64,19136,0
2025-09-01,2025,9,enterprise,retained,22,6578,0
2025-09-01,2025,9,enterprise,retained,134,40066,0
2025-09-01,2025,9,enterprise,retained,17,5083,0
2025-09-01,2025,9,enterprise,retained,107,31993,0
2025-09-01,2025,9,enterprise,retained,123,36777,0
2025-09-01,2025,9,enterprise,retained,122,36478,0
2025-09-01,2025,9,enterprise,retained,135,40365,0
2025-09-01,2025,9,enterprise,retained,91,27209,0
2025-09-01,2025,9,enterprise,retained,124,37076,0
2025-09-01,2025,9,enterprise,retained,58,17342,0
2025-09-01,2025,9,enterprise,retained,124,37076,0
2025-09-01,2025,9,enterprise,retained,33,9867,0
2025-09-01,2025,9,enterprise,retained,107,31993,0
2025-09-01,2025,9,enterprise,retained,120,35880,0
2025-09-01,2025,9,enterprise,retained,88,26312,0
2025-09-01,2025,9,enterprise,retained,54,16146,0
2025-09-01,2025,9,enterprise,retained,20,5980,0
2025-09-01,2025,9,enterprise,retained,50,14950,0
2025-09-01,2025,9,enterprise,retained,18,5382,0
2025-09-01,2025,9,enterprise,retained,41,12259,0
2025-09-01,2025,9,enterprise,retained,40,11960,0
2025-09-01,2025,9,enterprise,retained,160,47840,0
2025-09-01,2025,9,enterprise,retained,92,27508,0
2025-09-01,2025,9,enterprise,retained,23,6877,0
2025-09-01,2025,9,enterprise,retained,28,8372,0
2025-09-01,2025,9,enterprise,retained,58,17342,0
2025-09-01,2025,9,enterprise,retained,160,47840,0
2025-09-01,2025,9,enterprise,retained,102,30498,0
2025-09-01,2025,9,free,new_free,89,0,0
2025-09-01,2025,9,free,retained,783,0,0
2025-09-01,2025,9,free,retained,240,0,0
2025-09-01,2025,9,free,retained,834,0,0
2025-09-01,2025,9,free,retained,309,0,0
2025-09-01,2025,9,free,retained,634,0,0
2025-09-01,2025,9,free,retained,907,0,0
2025-09-01,2025,9,free,retained,122,0,0
2025-09-01,2025,9,free,retained,820,0,0
2025-09-01,2025,9,free,retained,348,0,0
2025-09-01,2025,9,free,retained,265,0,0
2025-09-01,2025,9,free,retained,223,0,0
2025-09-01,2025,9,free,retained,151,0,0
2025-09-01,2025,9,free,retained,827,0,0
2025-09-01,2025,9,free,retained,521,0,0
2025-09-01,2025,9,free,retained,467,0,0
2025-09-01,2025,9,free,retained,724,0,0
2025-09-01,2025,9,free,retained,405,0,0
2025-09-01,2025,9,free,retained,844,0,0
2025-09-01,2025,9,free,retained,194,0,0
2025-09-01,2025,9,free,retained,622,0,0
2025-09-01,2025,9,free,retained,139,0,0
2025-09-01,2025,9,free,retained,324,0,0
2025-09-01,2025,9,free,retained,102,0,0
2025-09-01,2025,9,free,retained,550,0,0
2025-09-01,2025,9,free,retained,799,0,0
2025-09-01,2025,9,free,retained,249,0,0
2025-09-01,2025,9,free,retained,457,0,0
2025-09-01,2025,9,free,retained,880,0,0
2025-09-01,2025,9,free,retained,552,0,0
2025-09-01,2025,9,free,retained,669,0,0
2025-09-01,2025,9,free,retained,204,0,0
2025-09-01,2025,9,free,retained,708,0,0
2025-09-01,2025,9,pro,new,36,1764,1764
2025-09-01,2025,9,pro,retained,107,5243,0
2025-09-01,2025,9,pro,retained,341,16709,0
2025-09-01,2025,9,pro,retained,71,3479,0
2025-09-01,2025,9,pro,retained,526,25774,0
2025-09-01,2025,9,pro,retained,377,18473,0
2025-09-01,2025,9,pro,retained,147,7203,0
2025-09-01,2025,9,pro,retained,349,17101,0
2025-09-01,2025,9,pro,retained,154,7546,0
2025-09-01,2025,9,pro,retained,96,4704,0
2025-09-01,2025,9,pro,retained,59,2891,0
2025-09-01,2025,9,pro,retained,209,10241,0
2025-09-01,2025,9,pro,retained,584,28616,0
2025-09-01,2025,9,pro,retained,442,21658,0
2025-09-01,2025,9,pro,retained,181,8869,0
2025-09-01,2025,9,pro,retained,230,11270,0
2025-09-01,2025,9,pro,retained,237,11613,0
2025-09-01,2025,9,pro,retained,78,3822,0
2025-09-01,2025,9,pro,retained,504,24696,0
2025-09-01,2025,9,pro,retained,562,27538,0
2025-09-01,2025,9,pro,retained,357,17493,0
2025-09-01,2025,9,pro,retained,190,9310,0
2025-09-01,2025,9,pro,retained,494,24206,0
2025-09-01,2025,9,pro,retained,513,25137,0
2025-09-01,2025,9,pro,retained,413,20237,0
2025-09-01,2025,9,pro,retained,484,23716,0
2025-09-01,2025,9,pro,retained,341,16709,0
2025-09-01,2025,9,pro,retained,287,14063,0
2025-09-01,2025,9,pro,retained,200,9800,0
2025-09-01,2025,9,pro,retained,59,2891,0
2025-09-01,2025,9,pro,retained,145,7105,0
2025-09-01,2025,9,pro,retained,252,12348,0
2025-09-01,2025,9,pro,retained,527,25823,0
2025-10-01,2025,10,enterprise,new,7,2093,2093
2025-10-01,2025,10,enterprise,retained,106,31694,0
2025-10-01,2025,10,enterprise,retained,124,37076,0
2025-10-01,2025,10,enterprise,retained,50,14950,0
2025-10-01,2025,10,enterprise,retained,135,40365,0
2025-10-01,2025,10,enterprise,retained,17,5083,0
2025-10-01,2025,10,enterprise,retained,22,6578,0
2025-10-01,2025,10,enterprise,retained,28,8372,0
2025-10-01,2025,10,enterprise,retained,91,27209,0
2025-10-01,2025,10,enterprise,retained,102,30498,0
2025-10-01,2025,10,enterprise,retained,58,17342,0
2025-10-01,2025,10,enterprise,retained,123,36777,0
2025-10-01,2025,10,enterprise,retained,58,17342,0
2025-10-01,2025,10,enterprise,retained,20,5980,0
2025-10-01,2025,10,enterprise,retained,128,38272,0
2025-10-01,2025,10,enterprise,retained,40,11960,0
2025-10-01,2025,10,enterprise,retained,75,22425,0
2025-10-01,2025,10,enterprise,retained,23,6877,0
2025-10-01,2025,10,enterprise,retained,92,27508,0
2025-10-01,2025,10,enterprise,retained,66,19734,0
2025-10-01,2025,10,enterprise,retained,18,5382,0
2025-10-01,2025,10,enterprise,retained,160,47840,0
2025-10-01,2025,10,enterprise,retained,54,16146,0
2025-10-01,2025,10,enterprise,retained,8,2392,0
2025-10-01,2025,10,enterprise,retained,33,9867,0
2025-10-01,2025,10,enterprise,retained,107,31993,0
2025-10-01,2025,10,enterprise,retained,64,19136,0
2025-10-01,2025,10,enterprise,retained,124,37076,0
2025-10-01,2025,10,enterprise,retained,120,35880,0
2025-10-01,2025,10,enterprise,retained,160,47840,0
2025-10-01,2025,10,enterprise,retained,122,36478,0
2025-10-01,2025,10,enterprise,retained,41,12259,0
2025-10-01,2025,10,enterprise,retained,88,26312,0
2025-10-01,2025,10,enterprise,retained,134,40066,0
2025-10-01,2025,10,free,new_free,67,0,0
2025-10-01,2025,10,free,retained,243,0,0
2025-10-01,2025,10,free,retained,720,0,0
2025-10-01,2025,10,free,retained,795,0,0
2025-10-01,2025,10,free,retained,265,0,0
2025-10-01,2025,10,free,retained,457,0,0
2025-10-01,2025,10,free,retained,87,0,0
2025-10-01,2025,10,free,retained,306,0,0
2025-10-01,2025,10,free,retained,708,0,0
2025-10-01,2025,10,free,retained,880,0,0
2025-10-01,2025,10,free,retained,545,0,0
2025-10-01,2025,10,free,retained,820,0,0
2025-10-01,2025,10,free,retained,194,0,0
2025-10-01,2025,10,free,retained,634,0,0
2025-10-01,2025,10,free,retained,400,0,0
2025-10-01,2025,10,free,retained,348,0,0
2025-10-01,2025,10,free,retained,464,0,0
2025-10-01,2025,10,free,retained,552,0,0
2025-10-01,2025,10,free,retained,324,0,0
2025-10-01,2025,10,free,retained,518,0,0
2025-10-01,2025,10,free,retained,232,0,0
2025-10-01,2025,10,free,retained,223,0,0
2025-10-01,2025,10,free,retained,622,0,0
2025-10-01,2025,10,free,retained,827,0,0
2025-10-01,2025,10,free,retained,906,0,0
2025-10-01,2025,10,free,retained,199,0,0
2025-10-01,2025,10,free,retained,844,0,0
2025-10-01,2025,10,free,retained,120,0,0
2025-10-01,2025,10,free,retained,100,0,0
2025-10-01,2025,10,free,retained,146,0,0
2025-10-01,2025,10,free,retained,834,0,0
2025-10-01,2025,10,free,retained,669,0,0
2025-10-01,2025,10,free,retained,783,0,0
2025-10-01,2025,10,free,retained,85,0,0
2025-10-01,2025,10,pro,new,36,1764,1764
2025-10-01,2025,10,pro,retained,413,20237,0
2025-10-01,2025,10,pro,retained,347,17003,0
2025-10-01,2025,10,pro,retained,96,4704,0
2025-10-01,2025,10,pro,retained,107,5243,0
2025-10-01,2025,10,pro,retained,252,12348,0
2025-10-01,2025,10,pro,retained,236,11564,0
2025-10-01,2025,10,pro,retained,230,11270,0
2025-10-01,2025,10,pro,retained,147,7203,0
2025-10-01,2025,10,pro,retained,200,9800,0
2025-10-01,2025,10,pro,retained,341,16709,0
2025-10-01,2025,10,pro,retained,36,1764,0
2025-10-01,2025,10,pro,retained,484,23716,0
2025-10-01,2025,10,pro,retained,441,21609,0
2025-10-01,2025,10,pro,retained,286,14014,0
2025-10-01,2025,10,pro,retained,69,3381,0
2025-10-01,2025,10,pro,retained,494,24206,0
2025-10-01,2025,10,pro,retained,189,9261,0
2025-10-01,2025,10,pro,retained,513,25137,0
2025-10-01,2025,10,pro,retained,341,16709,0
2025-10-01,2025,10,pro,retained,561,27489,0
2025-10-01,2025,10,pro,retained,584,28616,0
2025-10-01,2025,10,pro,retained,209,10241,0
2025-10-01,2025,10,pro,retained,357,17493,0
2025-10-01,2025,10,pro,retained,55,2695,0
2025-10-01,2025,10,pro,retained,526,25774,0
2025-10-01,2025,10,pro,retained,143,7007,0
2025-10-01,2025,10,pro,retained,527,25823,0
2025-10-01,2025,10,pro,retained,377,18473,0
2025-10-01,2025,10,pro,retained,55,2695,0
2025-10-01,2025,10,pro,retained,154,7546,0
2025-10-01,2025,10,pro,retained,504,24696,0
2025-10-01,2025,10,pro,retained,181,8869,0
2025-10-01,2025,10,pro,retained,77,3773,0
2025-11-01,2025,11,enterprise,new,6,1794,1794
2025-11-01,2025,11,enterprise,retained,20,5980,0
2025-11-01,2025,11,enterprise,retained,41,12259,0
2025-11-01,2025,11,enterprise,retained,123,36777,0
2025-11-01,2025,11,enterprise,retained,33,9867,0
2025-11-01,2025,11,enterprise,retained,50,14950,0
2025-11-01,2025,11,enterprise,retained,40,11960,0
2025-11-01,2025,11,enterprise,retained,106,31694,0
2025-11-01,2025,11,enterprise,retained,107,31993,0
2025-11-01,2025,11,enterprise,retained,64,19136,0
2025-11-01,2025,11,enterprise,retained,91,27209,0
2025-11-01,2025,11,enterprise,retained,160,47840,0
2025-11-01,2025,11,enterprise,retained,88,26312,0
2025-11-01,2025,11,enterprise,retained,58,17342,0
2025-11-01,2025,11,enterprise,retained,58,17342,0
2025-11-01,2025,11,enterprise,retained,124,37076,0
2025-11-01,2025,11,enterprise,retained,7,2093,0
2025-11-01,2025,11,enterprise,retained,135,40365,0
2025-11-01,2025,11,enterprise,retained,122,36478,0
2025-11-01,2025,11,enterprise,retained,134,40066,0
2025-11-01,2025,11,enterprise,retained,92,27508,0
2025-11-01,2025,11,enterprise,retained,124,37076,0
2025-11-01,2025,11,enterprise,retained,8,2392,0
2025-11-01,2025,11,enterprise,retained,17,5083,0
2025-11-01,2025,11,enterprise,retained,28,8372,0
2025-11-01,2025,11,enterprise,retained,18,5382,0
2025-11-01,2025,11,enterprise,retained,160,47840,0
2025-11-01,2025,11,enterprise,retained,66,19734,0
2025-11-01,2025,11,enterprise,retained,22,6578,0
2025-11-01,2025,11,enterprise,retained,23,6877,0
2025-11-01,2025,11,enterprise,retained,54,16146,0
2025-11-01,2025,11,enterprise,retained,128,38272,0
2025-11-01,2025,11,enterprise,retained,75,22425,0
2025-11-01,2025,11,enterprise,retained,120,35880,0
2025-11-01,2025,11,enterprise,retained,102,30498,0
2025-11-01,2025,11,free,new_free,48,0,0
2025-11-01,2025,11,free,retained,832,0,0
2025-11-01,2025,11,free,retained,622,0,0
2025-11-01,2025,11,free,retained,827,0,0
2025-11-01,2025,11,free,retained,708,0,0
2025-11-01,2025,11,free,retained,540,0,0
2025-11-01,2025,11,free,retained,552,0,0
2025-11-01,2025,11,free,retained,241,0,0
2025-11-01,2025,11,free,retained,669,0,0
2025-11-01,2025,11,free,retained,841,0,0
2025-11-01,2025,11,free,retained,717,0,0
2025-11-01,2025,11,free,retained,303,0,0
2025-11-01,2025,11,free,retained,630,0,0
2025-11-01,2025,11,free,retained,197,0,0
2025-11-01,2025,11,free,retained,324,0,0
2025-11-01,2025,11,free,retained,820,0,0
2025-11-01,2025,11,free,retained,143,0,0
2025-11-01,2025,11,free,retained,84,0,0
2025-11-01,2025,11,free,retained,793,0,0
2025-11-01,2025,11,free,retained,229,0,0
2025-11-01,2025,11,free,retained,223,0,0
2025-11-01,2025,11,free,retained,463,0,0
2025-11-01,2025,11,free,retained,783,0,0
2025-11-01,2025,11,free,retained,69,0,0
2025-11-01,2025,11,free,retained,348,0,0
2025-11-01,2025,11,free,retained,265,0,0
2025-11-01,2025,11,free,retained,113,0,0
2025-11-01,2025,11,free,retained,60,0,0
2025-11-01,2025,11,free,retained,76,0,0
2025-11-01,2025,11,free,retained,880,0,0
2025-11-01,2025,11,free,retained,397,0,0
2025-11-01,2025,11,free,retained,457,0,0
2025-11-01,2025,11,free,retained,904,0,0
2025-11-01,2025,11,free,retained,516,0,0
2025-11-01,2025,11,free,retained,194,0,0
2025-11-01,2025,11,pro,new,27,1323,1323
2025-11-01,2025,11,pro,retained,77,3773,0
2025-11-01,2025,11,pro,retained,230,11270,0
2025-11-01,2025,11,pro,retained,35,1715,0
2025-11-01,2025,11,pro,retained,441,21609,0
2025-11-01,2025,11,pro,retained,35,1715,0
2025-11-01,2025,11,pro,retained,154,7546,0
2025-11-01,2025,11,pro,retained,189,9261,0
2025-11-01,2025,11,pro,retained,252,12348,0
2025-11-01,2025,11,pro,retained,584,28616,0
2025-11-01,2025,11,pro,retained,236,11564,0
2025-11-01,2025,11,pro,retained,181,8869,0
2025-11-01,2025,11,pro,retained,504,24696,0
2025-11-01,2025,11,pro,retained,561,27489,0
2025-11-01,2025,11,pro,retained,413,20237,0
2025-11-01,2025,11,pro,retained,484,23716,0
2025-11-01,2025,11,pro,retained,68,3332,0
2025-11-01,2025,11,pro,retained,494,24206,0
2025-11-01,2025,11,pro,retained,51,2499,0
2025-11-01,2025,11,pro,retained,513,25137,0
2025-11-01,2025,11,pro,retained,345,16905,0
2025-11-01,2025,11,pro,retained,377,18473,0
2025-11-01,2025,11,pro,retained,54,2646,0
2025-11-01,2025,11,pro,retained,341,16709,0
2025-11-01,2025,11,pro,retained,107,5243,0
2025-11-01,2025,11,pro,retained,526,25774,0
2025-11-01,2025,11,pro,retained,96,4704,0
2025-11-01,2025,11,pro,retained,143,7007,0
2025-11-01,2025,11,pro,retained,341,16709,0
2025-11-01,2025,11,pro,retained,209,10241,0
2025-11-01,2025,11,pro,retained,147,7203,0
2025-11-01,2025,11,pro,retained,284,13916,0
2025-11-01,2025,11,pro,retained,357,17493,0
2025-11-01,2025,11,pro,retained,527,25823,0
2025-11-01,2025,11,pro,retained,200,9800,0
2025-12-01,2025,12,enterprise,new,26,7774,7774
2025-12-01,2025,12,enterprise,retained,66,19734,0
2025-12-01,2025,12,enterprise,retained,58,17342,0
2025-12-01,2025,12,enterprise,retained,64,19136,0
2025-12-01,2025,12,enterprise,retained,135,40365,0
2025-12-01,2025,12,enterprise,retained,120,35880,0
2025-12-01,2025,12,enterprise,retained,23,6877,0
2025-12-01,2025,12,enterprise,retained,75,22425,0
2025-12-01,2025,12,enterprise,retained,160,47840,0
2025-12-01,2025,12,enterprise,retained,92,27508,0
2025-12-01,2025,12,enterprise,retained,134,40066,0
2025-12-01,2025,12,enterprise,retained,124,37076,0
2025-12-01,2025,12,enterprise,retained,122,36478,0
2025-12-01,2025,12,enterprise,retained,40,11960,0
2025-12-01,2025,12,enterprise,retained,40,11960,0
2025-12-01,2025,12,enterprise,retained,91,27209,0
2025-12-01,2025,12,enterprise,retained,6,1794,0
2025-12-01,2025,12,enterprise,retained,123,36777,0
2025-12-01,2025,12,enterprise,retained,17,5083,0
2025-12-01,2025,12,enterprise,retained,20,5980,0
2025-12-01,2025,12,enterprise,retained,54,16146,0
2025-12-01,2025,12,enterprise,retained,106,31694,0
2025-12-01,2025,12,enterprise,retained,33,9867,0
2025-12-01,2025,12,enterprise,retained,160,47840,0
2025-12-01,2025,12,enterprise,retained,58,17342,0
2025-12-01,2025,12,enterprise,retained,124,37076,0
2025-12-01,2025,12,enterprise,retained,102,30498,0
2025-12-01,2025,12,enterprise,retained,28,8372,0
2025-12-01,2025,12,enterprise,retained,7,2093,0
2025-12-01,2025,12,enterprise,retained,18,5382,0
2025-12-01,2025,12,enterprise,retained,6,1794,0
2025-12-01,2025,12,enterprise,retained,128,38272,0
2025-12-01,2025,12,enterprise,retained,88,26312,0
2025-12-01,2025,12,enterprise,retained,107,31993,0
2025-12-01,2025,12,enterprise,retained,50,14950,0
2025-12-01,2025,12,enterprise,retained,22,6578,0
2025-12-01,2025,12,free,new_free,272,0,0
2025-12-01,2025,12,free,retained,827,0,0
2025-12-01,2025,12,free,retained,111,0,0
2025-12-01,2025,12,free,retained,516,0,0
2025-12-01,2025,12,free,retained,227,0,0
2025-12-01,2025,12,free,retained,717,0,0
2025-12-01,2025,12,free,retained,552,0,0
2025-12-01,2025,12,free,retained,622,0,0
2025-12-01,2025,12,free,retained,630,0,0
2025-12-01,2025,12,free,retained,223,0,0
2025-12-01,2025,12,free,retained,820,0,0
2025-12-01,2025,12,free,retained,240,0,0
2025-12-01,2025,12,free,retained,462,0,0
2025-12-01,2025,12,free,retained,708,0,0
2025-12-01,2025,12,free,retained,324,0,0
2025-12-01,2025,12,free,retained,829,0,0
2025-12-01,2025,12,free,retained,194,0,0
2025-12-01,2025,12,free,retained,669,0,0
2025-12-01,2025,12,free,retained,880,0,0
2025-12-01,2025,12,free,retained,904,0,0
2025-12-01,2025,12,free,retained,539,0,0
2025-12-01,2025,12,free,retained,265,0,0
2025-12-01,2025,12,free,retained,783,0,0
2025-12-01,2025,12,free,retained,142,0,0
2025-12-01,2025,12,free,retained,64,0,0
2025-12-01,2025,12,free,retained,59,0,0
2025-12-01,2025,12,free,retained,457,0,0
2025-12-01,2025,12,free,retained,396,0,0
2025-12-01,2025,12,free,retained,841,0,0
2025-12-01,2025,12,free,retained,196,0,0
2025-12-01,2025,12,free,retained,40,0,0
2025-12-01,2025,12,free,retained,83,0,0
2025-12-01,2025,12,free,retained,302,0,0
2025-12-01,2025,12,free,retained,788,0,0
2025-12-01,2025,12,free,retained,39,0,0
2025-12-01,2025,12,free,retained,348,0,0
2025-12-01,2025,12,pro,new,139,6811,6811
2025-12-01,2025,12,pro,retained,345,16905,0
2025-12-01,2025,12,pro,retained,284,13916,0
2025-12-01,2025,12,pro,retained,236,11564,0
2025-12-01,2025,12,pro,retained,341,16709,0
2025-12-01,2025,12,pro,retained,527,25823,0
2025-12-01,2025,12,pro,retained,189,9261,0
2025-12-01,2025,12,pro,retained,513,25137,0
2025-12-01,2025,12,pro,retained,33,1617,0
2025-12-01,2025,12,pro,retained,25,1225,0
2025-12-01,2025,12,pro,retained,484,23716,0
2025-12-01,2025,12,pro,retained,494,24206,0
2025-12-01,2025,12,pro,retained,230,11270,0
2025-12-01,2025,12,pro,retained,76,3724,0
2025-12-01,2025,12,pro,retained,441,21609,0
2025-12-01,2025,12,pro,retained,107,5243,0
2025-12-01,2025,12,pro,retained,504,24696,0
2025-12-01,2025,12,pro,retained,340,16660,0
2025-12-01,2025,12,pro,retained,357,17493,0
2025-12-01,2025,12,pro,retained,143,7007,0
2025-12-01,2025,12,pro,retained,584,28616,0
2025-12-01,2025,12,pro,retained,34,1666,0
2025-12-01,2025,12,pro,retained,377,18473,0
2025-12-01,2025,12,pro,retained,526,25774,0
2025-12-01,2025,12,pro,retained,413,20237,0
2025-12-01,2025,12,pro,retained,154,7546,0
2025-12-01,2025,12,pro,retained,200,9800,0
2025-12-01,2025,12,pro,retained,252,12348,0
2025-12-01,2025,12,pro,retained,50,2450,0
2025-12-01,2025,12,pro,retained,209,10241,0
2025-12-01,2025,12,pro,retained,181,8869,0
2025-12-01,2025,12,pro,retained,96,4704,0
2025-12-01,2025,12,pro,retained,147,7203,0
2025-12-01,2025,12,pro,retained,561,27489,0
2025-12-01,2025,12,pro,retained,68,3332,0
2025-12-01,2025,12,pro,retained,52,2548,0
